time,latitude,longitude,700,850,1700,1900
0,41.87080905,-87.64716233,86.69176,102.9957,94.65754,92.9053
1,41.87081605,-87.64718043,82.79332,98.66756,94.23566,93.06937
2,41.87082952,-87.64721521,80.53551,93.85506,102.6263,97.35062
3,41.87083634,-87.6472322,84.85582,94.33943,95.10285,95.56937
4,41.8708491,-87.64726449,83.59801,108.2379,91.79035,92.44437
5,41.87085511,-87.64727984,82.52769,93.87068,99.75129,95.0303
6,41.87086702,-87.64730964,80.73082,98.32381,90.81379,101.335
7,41.87087308,-87.64732434,77.98863,90.67537,108.7357,101.5928
8,41.87087308,-87.64732434,81.91051,97.89412,107.4466,95.47562
9,41.87087308,-87.64732434,75.26207,95.21443,97.89973,99.58499
10,41.87087308,-87.64732434,80.15269,94.26131,91.30598,90.48343
11,41.87087308,-87.64732434,72.99644,100.3629,99.93879,88.04593
12,41.87087308,-87.64732434,79.65269,90.49568,91.93098,92.56155
13,41.87087308,-87.64732434,82.38707,111.3551,99.68879,100.1709
14,41.87087308,-87.64732434,76.51988,102.1051,92.68098,87.41312
15,41.87087308,-87.64732434,75.44176,94.85506,99.12629,103.9912
16,41.87087308,-87.64732434,88.25426,101.7926,91.67316,92.56155
17,41.87087308,-87.64732434,76.01988,94.70662,91.07941,97.11624
18,41.87087308,-87.64732434,74.61363,107.7847,90.37629,93.42093
19,41.87087308,-87.64732434,73.63707,90.43318,94.68879,96.80374
20,41.87087308,-87.64732434,77.30894,100.9019,102.9935,95.30374
21,41.87087308,-87.64732434,78.35582,93.50349,84.6966,94.77249
22,41.87087308,-87.64732434,79.91051,104.0504,92.58723,87.88187
23,41.87087308,-87.64732434,72.57457,100.1519,98.4466,98.72562
24,41.87087308,-87.64732434,85.56676,96.78474,94.10285,95.28812
25,41.87087308,-87.64732434,75.61363,88.72224,90.14191,101.7491
26,41.87087308,-87.64732434,73.60582,96.01912,89.4466,88.57718
27,41.87087308,-87.64732434,74.30113,92.38631,98.17316,89.5303
28,41.87087842,-87.64733711,74.68394,89.65974,95.43098,99.56937
29,41.87087842,-87.64733711,72.69957,98.70662,98.06379,90.8428
30,41.87089398,-87.64736743,73.60582,92.26131,92.72785,91.55374
31,41.87089888,-87.64737883,74.39488,93.38631,95.54816,99.24124
32,41.87091027,-87.64740212,73.47301,100.8551,95.58723,93.52249
33,41.87091632,-87.6474137,74.73082,94.12068,93.58723,93.79593
34,41.87092827,-87.64743597,76.09801,93.51912,96.45441,91.0928
35,41.87093436,-87.64744681,74.58238,96.13631,96.61066,109.1162
36,41.87094644,-87.6474677,75.16051,96.87849,91.3841,102.1006
37,41.87095248,-87.6474778,73.97301,94.33943,96.49348,106.7569
38,41.87096519,-87.64749818,73.99644,97.80818,103.056,93.66312
39,41.87097144,-87.64750795,75.23863,97.04256,95.31379,93.35843
40,41.87097768,-87.64751748,75.33238,99.51131,91.14973,100.3194
41,41.87097768,-87.64751748,74.16051,98.71443,92.50129,106.0616
42,41.87098993,-87.64753466,74.46519,109.8629,100.1966,98.28812
43,41.87099603,-87.64754286,76.46519,94.51912,90.09504,95.2803
44,41.87100821,-87.64755881,73.92613,98.90193,100.4154,97.79593
45,41.87101426,-87.64756673,74.16051,99.99568,95.8216,99.54593
46,41.87102639,-87.64758216,74.72301,97.90193,92.58723,102.7334
47,41.87103243,-87.64758966,74.75426,98.80818,97.59504,91.91312
48,41.87104439,-87.64760442,74.27769,93.49568,97.70441,92.92874
49,41.87105051,-87.6476115,77.39488,95.40193,99.54816,95.93655
50,41.87106284,-87.6476251,75.20738,101.7613,104.2669,93.63968
51,41.87106915,-87.64763145,73.83238,95.51912,96.89973,101.5694
52,41.87108158,-87.6476439,76.39488,100.2926,103.4388,90.43655
53,41.87108765,-87.6476501,74.76988,91.21443,89.49348,94.97562
54,41.87109974,-87.6476623,75.14488,101.4879,106.306,96.54593
55,41.87110576,-87.64766832,76.56676,86.16756,87.5091,94.73343
56,41.87111776,-87.64768016,76.23082,97.92537,100.3216,104.6162
57,41.87112373,-87.64768591,75.00426,99.87849,92.83723,95.66312
58,41.87113567,-87.64769723,76.98082,100.5816,91.56379,96.19437
59,41.87114165,-87.64770278,76.20738,91.96443,93.71223,93.42874
60,41.87115363,-87.64771371,75.60582,91.03474,91.51691,98.6553
61,41.8711596,-87.64771905,75.68394,92.22224,92.05598,95.33499
62,41.87117141,-87.64772946,76.01988,92.23787,91.2591,107.0147
63,41.87117729,-87.64773451,76.06676,99.68318,107.3919,90.6553
64,41.87118903,-87.64774444,76.27769,92.01131,97.68098,97.75687
65,41.87119472,-87.64774952,76.47301,93.54256,96.16535,98.67874
66,41.87120629,-87.64775918,75.86363,99.13631,93.89191,95.8428
67,41.87121198,-87.64776404,75.02769,99.53474,89.07941,93.56155
68,41.87122333,-87.6477737,78.17613,95.40974,93.5716,92.05374
69,41.871229,-87.6477785,75.88707,94.44881,96.56379,94.44437
70,41.87124055,-87.6477876,75.76988,98.55037,95.89191,113.5381
71,41.87124643,-87.64779193,75.75426,91.01131,99.15754,91.97562
72,41.87125821,-87.64780041,77.67613,98.37068,99.5716,99.72562
73,41.87126408,-87.64780459,76.79332,95.40193,93.42316,106.1397
74,41.87127578,-87.64781281,76.06676,99.91756,94.7591,88.51468
75,41.87128165,-87.64781684,77.84019,98.63631,96.89973,96.44437
76,41.87129337,-87.64782477,76.01988,92.73787,90.70441,94.49124
77,41.87129921,-87.64782869,76.02769,95.94099,100.1029,95.02249
78,41.87131087,-87.64783626,77.53551,96.01912,89.43879,92.52249
79,41.87131669,-87.64783997,76.33238,95.65974,99.51691,89.6553
80,41.8713283,-87.64784735,76.44957,100.8551,100.2435,106.1319
81,41.8713341,-87.647851,75.58238,98.87849,91.37629,89.17874
82,41.87134553,-87.64785838,76.20738,96.22224,99.8216,89.13968
83,41.87135115,-87.64786211,75.97301,92.44881,100.9857,91.99905
84,41.8713624,-87.64786944,77.14488,96.47224,95.73566,97.56155
85,41.87136802,-87.64787306,74.61363,98.76131,86.93879,95.54593
86,41.87137948,-87.64787975,74.11363,96.29256,101.4779,93.04593
87,41.87138521,-87.64788306,74.92613,97.57381,90.14191,91.93655
88,41.8713967,-87.64788961,76.51988,91.12849,93.83723,94.79593
89,41.87140244,-87.64789285,74.61363,94.52693,97.18098,109.5772
90,41.87141392,-87.64789927,76.88707,99.40974,102.0794,93.00687
91,41.87141967,-87.64790241,74.61363,92.28474,94.64191,90.3428
92,41.87143118,-87.64790853,75.63707,92.71443,89.60285,94.88187
93,41.87143693,-87.64791152,75.60582,100.2769,89.23566,89.83499
94,41.87144844,-87.6479174,76.14488,93.21443,94.39973,101.4756
95,41.87145423,-87.64792029,75.91051,99.40974,90.8216,95.31155
96,41.87146579,-87.647926,76.84019,86.83943,94.32941,89.44437
97,41.87147156,-87.64792881,75.95738,97.35506,98.10285,92.95218
98,41.87148308,-87.64793434,75.23863,92.89412,104.1966,96.58499
99,41.87148883,-87.64793707,78.41832,121.8551,92.1966,96.61624
100,41.8715003,-87.64794244,76.7377,92.18224,106.3285,96.31843
101,41.87150595,-87.6479452,76.37926,97.54256,93.17316,92.39749
102,41.87151724,-87.64795075,76.65269,93.43318,92.64191,94.91312
103,41.87152288,-87.64795355,77.37926,100.441,99.97004,103.0303
104,41.87153415,-87.64795915,77.74644,94.40974,100.7044,95.31155
105,41.87153976,-87.64796191,77.16832,93.89412,110.5091,104.0537
106,41.87153976,-87.64796191,77.30113,92.63631,99.91535,89.77249
107,41.87153976,-87.64796191,78.86363,106.3004,94.61066,87.7178
108,41.87153976,-87.64796191,76.80113,89.91756,88.57941,89.22562
109,41.87154576,-87.64796466,78.77769,94.17537,99.78254,92.51468
110,41.87155798,-87.64796983,77.98082,92.98787,109.0247,99.20218
111,41.87156409,-87.64797241,75.95738,91.52693,112.0091,94.79593
112,41.87157614,-87.64797779,76.86363,89.34724,95.07941,99.70218
113,41.87157614,-87.64797779,76.09019,102.2222,100.2904,95.5928
114,41.87157614,-87.64797779,78.37926,97.40193,87.30598,94.98343
115,41.87158232,-87.64798067,76.88707,101.9644,95.9466,91.55374
116,41.87159469,-87.64798641,75.72301,93.90974,98.75129,103.3194
117,41.87160083,-87.64798936,76.88707,95.99568,102.9857,91.35062
118,41.87161302,-87.64799534,75.74644,108.4879,98.96223,94.45218
119,41.87161906,-87.64799836,76.12144,94.99568,92.76691,93.83499
120,41.87161906,-87.64799836,78.30894,94.89412,98.64191,91.72562
121,41.87162509,-87.64800156,75.89488,91.14412,91.14973,92.91312
122,41.87163694,-87.64800776,77.51895,93.22912,91.58629,97.97468
123,41.87164265,-87.64801093,77.38614,97.87756,92.75035,91.58405
124,41.87164833,-87.64801424,78.69083,95.92443,94.87535,94.7403
125,41.87164833,-87.64801424,77.77676,99.76818,93.10973,104.9356
126,41.87165369,-87.64801762,77.63614,95.65099,103.68,96.06062
127,41.871659,-87.64802102,76.87833,92.01037,98.43785,95.76374
128,41.87166955,-87.64802797,78.84708,89.38537,92.0316,100.3966
129,41.87166955,-87.64802797,78.21426,90.40881,103.6722,108.6466
130,41.87166955,-87.64802797,76.7377,89.73693,91.80504,99.06843
131,41.87166955,-87.64802797,78.54239,91.41662,90.92223,99.73249
132,41.87167436,-87.64803191,76.76988,96.97224,103.2982,96.8428
133,41.87168007,-87.64803703,78.05113,92.03474,91.37629,90.92874
134,41.87169155,-87.64804767,78.03551,104.2222,92.75129,94.74905
135,41.87169614,-87.64805167,76.98082,92.95662,87.81379,91.2178
136,41.87170441,-87.64805876,78.47301,89.88631,102.1575,95.85062
137,41.87170848,-87.64806242,76.70738,93.68318,91.32941,97.07718
138,41.87171252,-87.64806613,79.26207,92.80037,96.71223,95.8428
139,41.87171252,-87.64806613,78.01207,100.9957,108.0482,95.19437
140,41.8717205,-87.6480736,78.7377,93.31506,87.64098,100.9903
141,41.8717245,-87.64807742,78.19083,86.08068,103.4379,95.48249
142,41.87173218,-87.64808501,76.33145,92.52599,92.99254,89.12312
143,41.87173587,-87.64808875,78.63614,93.69006,106.2113,91.72468
144,41.87173913,-87.64809306,77.59708,94.85412,97.1566,104.9356
145,41.87174225,-87.64809753,78.97208,90.75256,94.98473,92.31062
146,41.87174526,-87.64810212,80.1127,93.06506,101.5863,92.74812
147,41.87174526,-87.64810212,77.56583,92.96349,95.18004,94.34187
148,41.87175191,-87.64810907,78.72989,97.31506,94.64098,95.24812
149,41.87175191,-87.64810907,76.77676,89.08068,91.63316,103.2794
150,41.87175191,-87.64810907,77.3627,100.6901,96.39098,93.01374
151,41.87175191,-87.64810907,79.29239,96.07287,97.06285,94.01374
152,41.87175757,-87.64811647,77.05801,102.651,121.0238,106.0997
153,41.87176027,-87.64812016,79.75333,92.43224,96.5316,92.34187
154,41.87176027,-87.64812016,78.33926,90.19787,108.1879,98.91999
155,41.87176282,-87.64812383,77.09708,96.97131,90.89098,95.08405
156,41.87176774,-87.64813107,79.62051,92.98693,92.8441,105.0606
157,41.87176774,-87.64813107,77.47208,89.86974,96.66441,97.77937
158,41.87176774,-87.64813107,77.33145,105.4947,105.9144,89.16218
159,41.87176774,-87.64813107,78.1752,90.70568,96.03941,105.1544
160,41.87176774,-87.64813107,79.75333,97.86193,88.66441,106.3184
161,41.87176774,-87.64813107,77.54239,94.71349,101.8832,106.9747
162,41.87176774,-87.64813107,78.96426,106.7682,98.08629,98.9278
163,41.87176774,-87.64813107,77.68301,90.22131,89.82066,94.66218
164,41.87177179,-87.6481375,78.33145,99.47131,104.2504,96.03718
165,41.87177179,-87.6481375,81.06583,98.93224,99.23473,106.4669
166,41.87177179,-87.6481375,78.44864,98.61974,89.23473,94.19343
167,41.87177179,-87.6481375,78.69083,102.0494,91.87535,93.19343
168,41.87177179,-87.6481375,79.44864,88.47131,97.1566,98.13874
169,41.87177333,-87.64814091,78.91739,87.50256,94.18004,93.57624
170,41.87177333,-87.64814091,78.06583,94.22131,101.0629,93.79499
171,41.87177333,-87.64814091,78.4252,96.59631,91.38316,84.32624
172,41.87177452,-87.64814446,77.76114,88.84631,95.31285,94.59187
173,41.87177452,-87.64814446,78.33926,93.18224,91.99254,99.59968
174,41.87177557,-87.64814804,78.29239,102.2135,94.85973,99.52155
175,41.87177659,-87.64815154,79.50333,88.47912,95.18004,99.96687
176,41.87177824,-87.64815893,81.3002,98.04162,100.5863,94.52937
177,41.87177919,-87.64816218,78.65958,88.58849,99.2816,92.08405
178,41.87178019,-87.64816518,77.70645,94.22131,94.57848,96.0528
179,41.87178019,-87.64816518,79.33145,98.51037,89.10191,89.53718
180,41.87178019,-87.64816518,79.69083,89.38537,95.10973,99.68562
181,41.87178019,-87.64816518,78.47208,98.99474,88.99254,94.82624
182,41.87178019,-87.64816518,80.01114,86.73693,98.4066,97.38874
183,41.87178019,-87.64816518,79.1127,92.72912,97.57848,104.7716
184,41.87178017,-87.64816929,77.3627,91.69006,87.9691,102.9981
185,41.87178017,-87.64816929,79.04239,89.92443,98.3441,99.09187
186,41.87178017,-87.64816929,78.62051,105.1432,96.94566,91.20124
187,41.87178017,-87.64816929,79.1752,94.05724,93.91441,91.96687
188,41.87178017,-87.64816929,79.54239,88.64318,98.45348,93.73249
189,41.87178017,-87.64816929,81.32364,93.08068,99.04723,108.7403
190,41.87178017,-87.64816929,81.3002,103.1588,91.72691,95.62312
191,41.87178017,-87.64816929,78.37833,89.54943,100.555,88.40437
192,41.87178017,-87.64816929,77.70645,91.80724,99.66441,87.54499
193,41.87177983,-87.64817282,78.1752,98.69006,93.48473,90.26374
194,41.87177972,-87.64817584,78.49551,92.32287,89.30504,99.52937
195,41.87177977,-87.6481786,77.40958,91.22912,90.50035,88.59187
196,41.87177945,-87.64818516,79.03458,96.27599,97.00035,97.03718
197,41.8717793,-87.64818853,77.15176,93.81506,92.35973,103.0919
198,41.87177913,-87.64819501,78.4252,94.72131,92.14879,95.4278
199,41.87177908,-87.64819828,79.18301,95.62756,104.3519,108.4512
200,41.87177905,-87.64820491,77.2377,94.99474,91.14879,96.70905
201,41.87177911,-87.64820824,78.87051,115.4557,99.69566,97.52937
202,41.87177927,-87.64821501,77.66739,101.2604,97.9066,96.2403
203,41.87177938,-87.64821845,81.87833,103.5104,95.03941,107.9825
204,41.87177973,-87.64822181,78.4252,96.45568,98.85191,92.77937
205,41.87178008,-87.64822518,78.40958,104.3932,89.75816,97.1778
206,41.87178072,-87.64823207,79.50333,87.01037,99.3441,94.93562
207,41.87178101,-87.64823555,81.24551,96.94787,85.56285,96.94343
208,41.87178156,-87.64824257,79.65958,88.05724,95.50816,93.14655
209,41.87178179,-87.64824612,78.26895,98.15881,88.63316,103.9747
210,41.87178223,-87.64825329,79.45645,90.29943,92.54723,89.45124
211,41.87178244,-87.64825695,78.76114,97.09631,113.4066,90.65437
212,41.87178281,-87.64826433,79.19864,88.50256,100.2504,91.66218
213,41.87178298,-87.64826808,78.21426,94.66662,86.82066,88.44343
214,41.87178342,-87.6482758,77.7377,93.03381,86.92223,97.2403
215,41.87178358,-87.64827965,76.94083,103.1119,96.19566,95.52155
216,41.87178373,-87.64828729,80.85489,94.78381,98.80504,90.14655
217,41.87178368,-87.64829107,82.3627,103.401,86.66441,92.60749
218,41.87178353,-87.64829868,79.57364,107.1666,95.71129,100.4356
219,41.87178343,-87.64830248,80.68301,88.63537,89.71129,90.38093
220,41.8717834,-87.64831049,77.57364,93.87756,85.63316,100.7637
221,41.8717833,-87.64831447,80.18301,98.87756,84.9066,98.09187
222,41.87178299,-87.64832239,80.47208,93.87756,89.18004,91.68562
223,41.87178276,-87.64832633,77.80801,90.80724,103.7738,107.1153
224,41.8717825,-87.64833026,76.33145,92.84631,88.66441,102.1153
225,41.8717825,-87.64833026,79.72989,94.85412,97.99254,97.26374
226,41.87178181,-87.64833824,81.08926,99.01818,95.89879,92.1778
227,41.87178181,-87.64833824,82.50333,95.47912,91.1566,90.00593
228,41.87178181,-87.64833824,77.96426,89.64318,97.9066,102.7247
229,41.87178181,-87.64833824,79.47208,96.50256,98.50035,102.4122
230,41.87178181,-87.64833824,79.22989,87.94006,97.64879,98.54499
231,41.87178181,-87.64833824,81.01114,96.76818,89.64098,91.87312
232,41.87178181,-87.64833824,79.65958,94.79162,95.00816,95.06062
233,41.87178181,-87.64833824,77.64395,86.84631,90.44566,91.89655
234,41.87178181,-87.64833824,77.12051,97.20568,89.89879,119.7637
235,41.87178181,-87.64833824,80.59708,92.90099,101.4144,95.31062
236,41.87178181,-87.64833824,78.59708,91.25256,89.75816,92.75593
237,41.87178181,-87.64833824,78.15958,99.16662,101.9066,100.42
238,41.87178181,-87.64833824,80.99551,99.76037,99.39098,88.18562
239,41.87178181,-87.64833824,78.15958,107.026,96.99254,95.38874
240,41.87178181,-87.64833824,80.26895,92.01818,99.13316,89.77155
241,41.87178181,-87.64833824,81.87051,100.5651,95.99254,94.66218
242,41.87178181,-87.64833824,79.05801,98.36974,94.29723,90.68562
243,41.87178181,-87.64833824,80.29239,101.8541,90.17223,95.7403
244,41.87178181,-87.64833824,81.20645,89.96349,97.14098,94.1778
245,41.87178181,-87.64833824,77.28458,93.97131,95.64098,89.39655
246,41.87178181,-87.64833824,80.1127,92.15099,90.72691,92.91218
247,41.87178181,-87.64833824,78.97208,89.61193,100.4379,105.1856
248,41.87178181,-87.64833824,78.40958,93.08849,96.19566,94.12312
249,41.87178181,-87.64833824,79.05801,96.22131,100.2504,93.38093
250,41.87178181,-87.64833824,76.78458,97.39318,95.20348,89.91999
251,41.87178016,-87.64834229,77.03458,94.43224,94.43785,91.35749
252,41.87178016,-87.64834229,79.64395,93.99474,89.03941,92.38874
253,41.87178016,-87.64834229,79.75333,94.87756,95.57066,94.70905
254,41.87178016,-87.64834229,81.94083,94.13537,95.22691,84.16218
255,41.87178016,-87.64834229,77.54239,101.8776,101.391,90.77937
256,41.87177826,-87.64834646,78.87051,96.27599,90.31285,93.22468
257,41.8717764,-87.64835063,79.4252,97.14318,89.66441,99.23249
258,41.8717764,-87.64835063,84.3627,88.68224,89.53941,101.3419
259,41.87177378,-87.64835389,77.9252,100.5572,91.66441,95.28718
260,41.87177378,-87.64835389,80.18301,106.7682,96.38316,97.95124
261,41.87177378,-87.64835389,81.66739,99.41662,99.21129,89.38093
262,41.87177378,-87.64835389,81.69083,98.16662,96.64879,95.13093
263,41.87177378,-87.64835389,79.4252,99.14318,97.06285,89.72468
264,41.87177378,-87.64835389,78.82364,92.83068,92.4066,105.5372
265,41.8717705,-87.6483635,78.01114,105.0338,101.5394,90.51374
266,41.8717705,-87.6483635,77.64395,96.71349,94.92223,92.19343
267,41.8717705,-87.6483635,77.99551,91.36974,114.9847,91.53718
268,41.8717705,-87.6483635,79.22208,94.80724,92.6566,91.1778
269,41.8717705,-87.6483635,80.32364,98.60412,98.62535,93.5528
270,41.8717705,-87.6483635,80.18301,88.28381,108.4769,99.5528
271,41.8717705,-87.6483635,78.28458,91.55724,96.94566,95.52937
272,41.87176948,-87.64836798,79.7377,92.22912,97.04723,85.79499
273,41.87176948,-87.64836798,79.80801,104.7994,97.38316,91.63874
274,41.87176948,-87.64836798,80.50333,98.43224,90.71129,94.91218
275,41.87176948,-87.64836798,76.21426,89.37756,103.391,91.91999
276,41.87176948,-87.64836798,78.5502,95.41662,90.35973,90.38093
277,41.87176948,-87.64836798,79.10489,97.83068,99.02379,92.88874
278,41.87176948,-87.64836798,78.12833,94.81506,112.7582,91.44343
279,41.87176948,-87.64836798,78.3627,98.21349,111.6879,94.57624
280,41.87176948,-87.64836798,82.19864,91.22912,97.06285,96.40437
281,41.87176948,-87.64836798,80.80801,91.33849,92.79723,101.3184
282,41.87176948,-87.64836798,81.59708,107.5338,98.97691,105.6544
283,41.87176948,-87.64836798,79.57364,96.99474,105.4691,96.66218
284,41.87176948,-87.64836798,79.29239,87.43224,91.17223,90.88874
285,41.87176948,-87.64836798,78.1752,90.98693,94.32066,103.8887
286,41.87176948,-87.64836798,78.80801,94.29943,90.8441,99.34187
287,41.87176948,-87.64836798,81.06583,98.34631,97.39098,96.16999
288,41.87176948,-87.64836798,79.47208,96.26818,86.28941,92.15437
289,41.87176948,-87.64836798,77.01895,94.48693,99.0941,95.76374
290,41.87176948,-87.64836798,77.64395,98.71349,100.4457,89.53718
291,41.87176948,-87.64836798,79.31583,103.2526,91.45348,103.8106
292,41.87176948,-87.64836798,79.3002,94.34631,107.93,89.75593
293,41.87176948,-87.64836798,78.87051,106.2213,97.14098,96.75593
294,41.87176948,-87.64836798,76.2377,100.7213,94.14879,97.78718
295,41.87176948,-87.64836798,75.69083,92.25256,87.07848,92.1778
296,41.87176948,-87.64836798,78.01114,95.31506,104.5629,87.19343
297,41.87176948,-87.64836798,78.85489,96.64318,91.72691,99.43562
298,41.87176948,-87.64836798,80.63614,95.58068,93.31285,93.88874
299,41.87176948,-87.64836798,79.63614,93.92443,95.93004,103.4434
300,41.87176948,-87.64836798,78.7377,88.17443,97.43004,91.19343
301,41.87176948,-87.64836798,77.90176,95.19787,111.9379,93.93562
302,41.87176948,-87.64836798,80.70645,90.36193,100.2504,92.84968
303,41.87176948,-87.64836798,78.40176,97.06506,93.98473,90.8028
304,41.87176948,-87.64836798,79.5502,95.33849,104.1879,89.95905
305,41.87176948,-87.64836798,78.75333,92.86974,91.96129,110.5919
306,41.87176948,-87.64836798,80.97208,98.26037,94.76598,98.26374
307,41.87176948,-87.64836798,75.15176,91.71349,100.8832,94.02937
308,41.87176948,-87.64836798,79.85489,97.13537,104.4691,90.37312
309,41.87176948,-87.64836798,76.87051,87.80724,95.10191,102.7481
310,41.87176948,-87.64836798,80.08926,96.62756,96.7816,97.02155
311,41.87176948,-87.64836798,78.96426,95.12756,98.78941,102.2481
312,41.87176948,-87.64836798,79.80801,99.21349,97.74254,96.06062
313,41.87176948,-87.64836798,78.19864,110.7526,91.93785,98.27155
314,41.87176948,-87.64836798,79.6127,90.70568,92.71129,94.54499
315,41.87176948,-87.64836798,80.50333,95.79162,92.12535,88.79499
316,41.87176948,-87.64836798,80.10489,102.5104,95.20348,98.16218
317,41.87176948,-87.64836798,78.22208,89.70568,101.9066,107.4356
318,41.87176948,-87.64836798,79.35489,99.69787,96.81285,90.01374
319,41.87176948,-87.64836798,80.1127,100.8385,92.14879,89.23249
320,41.87176948,-87.64836798,80.54239,99.94787,91.00816,96.52937
321,41.87176948,-87.64836798,78.99551,94.11193,91.13316,97.19343
322,41.87176948,-87.64836798,78.9877,93.81506,99.20348,95.89655
323,41.87176948,-87.64836798,77.8002,91.25256,101.3441,96.21687
324,41.87176948,-87.64836798,81.63614,99.74474,98.07066,89.00593
325,41.87176948,-87.64836798,79.78458,90.56506,95.50816,91.53718
326,41.87176948,-87.64836798,82.59708,93.15881,99.08629,88.59187
327,41.87176948,-87.64836798,76.97208,90.97131,91.93785,93.75593
328,41.87176948,-87.64836798,78.08926,91.63537,87.85191,86.83405
329,41.87176948,-87.64836798,78.58926,108.4557,110.93,90.72468
330,41.87176948,-87.64836798,79.18301,100.3697,94.13316,97.73249
331,41.87176948,-87.64836798,76.56583,98.93224,103.0863,112.0919
332,41.87176948,-87.64836798,78.19083,92.92443,90.4066,93.3653
333,41.87176948,-87.64836798,77.84708,101.9479,89.98473,84.56062
334,41.87176948,-87.64836798,83.1127,93.87756,113.4066,94.52937
335,41.87176948,-87.64836798,79.89395,93.81506,89.89879,91.54499
336,41.87176948,-87.64836798,78.7377,98.30724,92.89098,88.77937
337,41.87176948,-87.64836798,79.80801,97.38537,107.5863,93.02937
338,41.87176948,-87.64836798,80.12833,94.48693,89.23473,95.40437
339,41.87176948,-87.64836798,79.45645,94.74474,88.57066,100.1544
340,41.87176948,-87.64836798,80.13614,94.36193,89.53941,135.0762
341,41.87176948,-87.64836798,78.6127,90.26818,89.6566,95.52937
342,41.87176948,-87.64836798,78.15958,103.7526,92.61754,90.53718
343,41.87176948,-87.64836798,78.75333,94.06506,86.18785,90.45124
344,41.87176948,-87.64836798,78.19864,90.71349,87.4066,101.92
345,41.87176948,-87.64836798,77.57364,94.33849,95.05504,94.43562
346,41.87176948,-87.64836798,77.14395,95.65099,97.1566,102.6231
347,41.87176948,-87.64836798,80.3002,94.10412,98.85191,101.0684
348,41.87176948,-87.64836798,78.94083,98.06506,100.0863,90.82624
349,41.87176948,-87.64836798,78.30801,97.64318,90.2191,96.78718
350,41.87176948,-87.64836798,79.08145,94.50256,95.75816,90.37312
351,41.87176948,-87.64836798,78.30801,96.88537,98.57848,94.56843
352,41.87176948,-87.64836798,80.45645,92.51037,97.14098,94.12312
353,41.87176948,-87.64836798,77.78458,95.15881,96.01598,94.2403
354,41.87176948,-87.64836798,79.85489,95.79162,88.85191,100.6466
355,41.87176603,-87.64837613,79.06583,93.50256,94.4066,94.76374
356,41.87176224,-87.648385,78.44864,96.15881,89.4066,97.41218
357,41.87175419,-87.64840312,81.15958,97.25256,94.41441,98.28718
358,41.87175009,-87.64841201,78.83145,91.20568,98.35973,94.81843
359,41.87174601,-87.64842084,76.84708,97.20568,90.38316,94.45905
360,41.87174601,-87.64842084,79.78458,95.62756,102.9222,94.93562
361,41.87174601,-87.64842084,81.38614,90.25256,96.38316,94.14655
362,41.87174184,-87.6484297,77.43301,92.12756,94.5316,91.45124
363,41.87173353,-87.64844711,79.57364,95.65099,91.8441,92.00593
364,41.87172939,-87.64845534,79.54239,99.61974,106.2113,88.65437
365,41.87172101,-87.64847273,78.03458,93.34631,104.5785,102.7481
366,41.87172101,-87.64847273,77.91739,92.01037,103.2113,89.95905
367,41.87172101,-87.64847273,78.44864,89.26818,88.63316,113.4747
368,41.87172101,-87.64847273,81.12833,93.05724,91.75816,100.2247
369,41.87172101,-87.64847273,80.51895,99.85412,97.73473,96.12312
370,41.87172101,-87.64847273,78.37833,99.86193,89.07848,92.3653
371,41.87171209,-87.64848917,79.47208,93.55724,89.72691,89.37312
372,41.87170783,-87.64849696,77.31583,86.97131,95.47691,98.88093
373,41.87170353,-87.64850503,78.04239,95.97912,91.6566,103.5372
374,41.87170353,-87.64850503,82.91739,89.42443,88.45348,93.0528
375,41.87169474,-87.64852024,80.39395,97.11193,98.99254,92.13093
376,41.87169044,-87.64852688,80.26895,102.6588,96.69566,103.5059
377,41.8716861,-87.64853382,77.91739,101.8541,90.91441,103.6309
378,41.8716861,-87.64853382,80.75333,96.41662,92.06285,94.95905
379,41.87168136,-87.64854181,79.54239,99.08849,87.82848,110.4434
380,41.87167678,-87.64854951,79.59708,103.4166,88.82848,97.95124
381,41.87167678,-87.64854951,78.13614,89.57287,92.19566,100.6387
382,41.87167678,-87.64854951,77.12833,87.94006,87.89879,92.24812
383,41.87167678,-87.64854951,81.69083,106.3072,91.93785,94.6153
384,41.87167678,-87.64854951,78.7377,92.48693,94.38316,99.48249
385,41.87167197,-87.64855712,77.75333,91.22912,97.03941,93.87312
386,41.87167197,-87.64855712,79.22208,99.61974,90.63316,95.63874
387,41.87167197,-87.64855712,80.64395,99.42443,96.39098,97.59187
388,41.87167197,-87.64855712,79.83145,93.99474,94.26598,95.6153
389,41.87167197,-87.64855712,77.90176,100.3776,89.99254,89.1153
390,41.87166666,-87.64856497,80.40958,92.46349,107.4066,96.82624
391,41.87166148,-87.64857259,81.89395,93.81506,88.56285,90.15437
392,41.87166148,-87.64857259,81.15958,91.08068,94.5941,85.53718
393,41.87166148,-87.64857259,78.97208,103.6354,91.13316,97.3653
394,41.87166148,-87.64857259,79.63614,96.57287,100.2738,90.02937
395,41.87166148,-87.64857259,77.4252,101.7526,89.25816,91.01374
396,41.87165582,-87.64858069,79.78458,93.81506,93.13316,89.41999
397,41.87164566,-87.64859488,79.69083,91.32287,93.38316,94.3653
398,41.87164079,-87.64860156,78.19083,89.01037,94.32066,92.15437
399,41.87163064,-87.64861541,76.72989,91.22131,92.1566,93.21687
400,41.87162554,-87.64862236,83.62833,88.47912,101.5394,92.1778
401,41.8716204,-87.64862935,77.4252,102.6276,103.5082,106.2247
402,41.8716204,-87.64862935,80.18301,93.69006,93.64098,95.14655
403,41.8716204,-87.64862935,77.47989,97.67443,91.41441,96.03718
404,41.8716204,-87.64862935,79.3627,101.4869,102.2113,91.63093
405,41.8716204,-87.64862935,81.05801,90.01818,97.14098,97.48249
406,41.8716204,-87.64862935,77.4252,89.91662,91.68785,90.91999
407,41.8716204,-87.64862935,77.94083,96.83849,103.9769,99.1153
408,41.87161451,-87.64863607,79.47989,90.13537,98.62535,93.00593
409,41.87160179,-87.64864757,81.01895,104.0572,94.57848,93.15437
410,41.87159577,-87.64865349,78.08926,90.66662,92.07848,89.13874
411,41.87158434,-87.64866588,76.35489,112.9166,91.77379,98.50593
412,41.87157885,-87.64867227,80.8002,96.73693,91.14879,102.4356
413,41.87156838,-87.64868467,77.29239,94.41662,94.94566,91.40437
414,41.87156324,-87.64869081,83.47989,94.11193,93.43004,92.6153
415,41.87155295,-87.64870302,77.26114,96.72131,112.2113,93.41218
416,41.87154783,-87.64870906,80.32364,109.3541,97.7816,88.45124
417,41.87153769,-87.648721,78.28458,98.37756,97.14098,95.20124
418,41.87153273,-87.64872688,81.13614,88.92443,87.32848,94.22468
419,41.87152303,-87.64873841,80.40958,89.65881,93.64879,87.60749
420,41.87151822,-87.64874411,82.31583,95.94787,90.66441,102.3966
421,41.87150874,-87.64875528,78.87833,107.7213,97.50816,83.88874
422,41.87150407,-87.64876078,80.3002,95.22131,92.57848,94.76374
423,41.87149489,-87.64877164,80.22989,97.25256,93.93785,95.31843
424,41.87149038,-87.64877699,78.93208,97.39224,94.50723,94.30187
425,41.87148153,-87.64878748,79.61958,88.68912,93.64785,100.2159
426,41.87147718,-87.64879263,79.45551,93.04068,101.6557,95.55968
427,41.87146861,-87.64880278,77.62739,93.29849,98.25723,92.32531
428,41.87146438,-87.64880777,80.39301,89.78287,95.81191,108.1925
429,41.87145605,-87.6488176,78.66645,93.3688,95.39004,106.4659
430,41.87145195,-87.64882245,79.41645,107.1032,98.69473,93.51281
431,41.87144388,-87.64883198,76.97114,93.65005,102.6088,86.6925
432,41.87143992,-87.64883668,77.36958,106.3844,102.515,98.57531
433,41.87143214,-87.64884599,79.25239,89.90005,86.34316,101.8566
434,41.87142833,-87.64885058,79.50239,91.4938,96.42129,89.03625
435,41.87142083,-87.64885958,78.92426,92.32974,90.13223,89.61437
436,41.87141714,-87.64886399,78.47895,102.736,95.10879,88.59875
437,41.87140986,-87.64887271,80.00239,97.22818,94.65566,95.11437
438,41.87140628,-87.64887701,80.0727,91.9938,89.92129,101.0441
439,41.87139923,-87.64888547,79.53364,99.02505,92.29629,93.90343
440,41.87139576,-87.64888963,83.97114,99.02505,97.00723,97.48937
441,41.87138895,-87.64889785,77.60395,96.70474,94.13223,91.0675
442,41.87138561,-87.64890191,80.92426,90.22818,88.85098,93.41906
443,41.87137903,-87.64890992,80.62739,96.48599,92.53066,108.0597
444,41.87137581,-87.64891386,78.76801,92.86099,90.95254,88.42687
445,41.8713695,-87.64892163,79.20551,101.0954,96.72598,93.13
446,41.87136639,-87.64892545,79.41645,99.65787,98.07754,96.88781
447,41.8713603,-87.64893294,80.46333,96.02505,91.06973,92.15343
448,41.8713603,-87.64893294,78.95551,89.18912,96.98379,89.61437
449,41.8713603,-87.64893294,77.36176,95.82193,101.8119,98.505
450,41.8713603,-87.64893294,79.79145,96.54068,96.53848,94.09093
451,41.8713603,-87.64893294,79.52583,92.81412,103.8432,97.20812
452,41.8713603,-87.64893294,82.04926,103.6657,126.3119,99.64562
453,41.87135326,-87.64893864,80.55708,106.986,96.37441,95.96593
454,41.87135033,-87.64894191,78.59614,99.79068,100.5854,94.48156
455,41.87135033,-87.64894191,79.45551,102.6188,95.67129,87.63781
456,41.87135033,-87.64894191,78.61958,94.93912,93.89785,96.74718
457,41.87134491,-87.64894846,79.04145,102.5016,96.74941,103.9269
458,41.87134226,-87.6489517,78.27583,96.77505,94.60098,91.35656
459,41.87134226,-87.6489517,78.5102,99.93912,109.3822,97.95812
460,41.87134226,-87.6489517,77.22114,104.4704,90.14004,92.85656
461,41.87133974,-87.64895466,84.6352,99.47037,102.0697,101.7706
462,41.8713372,-87.64895764,78.64301,95.8688,96.53066,96.38781
463,41.87133225,-87.64896349,82.62739,99.36099,96.34316,106.5675
464,41.8713298,-87.64896632,78.90864,98.72037,101.6791,91.99718
465,41.87132499,-87.64897183,81.46333,90.65005,107.015,91.27062
466,41.87132264,-87.64897452,77.8852,96.76724,97.67129,90.21593
467,41.87131802,-87.64897979,83.40083,92.18912,87.56973,96.59875
468,41.87131575,-87.64898235,83.85395,90.75943,88.31191,95.11437
469,41.87131129,-87.64898735,79.74458,96.77505,100.765,94.34875
470,41.8713091,-87.6489898,77.7602,92.25943,93.99941,106.63
471,41.87130472,-87.64899468,79.59614,90.69693,87.43691,95.76281
472,41.8713026,-87.64899705,79.3227,93.42349,102.5619,89.73937
473,41.87129838,-87.64900182,78.8852,95.22818,103.4213,99.51281
474,41.87129633,-87.64900411,80.55708,95.61099,98.78848,90.68468
475,41.87129262,-87.6490092,78.99458,91.25943,99.17129,90.10656
476,41.87129072,-87.64901156,82.3227,91.43912,95.06973,94.80968
477,41.87128681,-87.64901604,78.78364,86.00943,100.601,88.5675
478,41.87128681,-87.64901604,76.48676,92.25162,100.7885,115.1847
479,41.87128334,-87.64902048,79.62739,102.2594,91.95254,90.95031
480,41.8712821,-87.64902236,77.67426,89.7438,99.97598,89.07531
481,41.87127879,-87.64902658,79.27583,99.38443,111.2182,96.88781
482,41.87127712,-87.64902864,78.93208,90.13443,97.77285,95.85656
483,41.87127388,-87.6490326,78.11176,95.43912,99.63223,92.15343
484,41.87127232,-87.64903451,81.67426,99.47818,94.56191,102.005
485,41.87127079,-87.64903638,79.3227,103.0485,101.976,93.34093
486,41.87127079,-87.64903638,78.93208,98.81412,90.33535,96.27062
487,41.87126928,-87.64903821,79.92426,105.8688,96.08535,100.3956
488,41.87126801,-87.64903983,79.41645,98.04849,106.3119,90.10656
489,41.8712654,-87.64904316,79.97895,96.79068,87.71816,99.16906
490,41.87126406,-87.64904485,78.90083,93.18912,98.18691,93.08312
491,41.87126148,-87.64904825,80.3227,103.9704,90.06191,95.55968
492,41.87126026,-87.64904995,81.23676,100.9626,89.59316,101.005
493,41.87125792,-87.64905332,80.39301,91.9313,94.20254,90.73156
494,41.87125677,-87.64905499,78.99458,99.07193,94.53848,101.2784
495,41.87125461,-87.64905829,80.48676,93.5563,96.85879,101.2862
496,41.87125357,-87.64905993,78.43989,93.42349,94.60098,90.80187
497,41.8712516,-87.64906316,83.43989,98.41568,103.1713,86.8175
498,41.87125063,-87.64906476,77.97114,93.43912,103.3041,97.34093
499,41.87124877,-87.64906793,78.95551,102.0719,90.13223,97.95812
500,41.87124877,-87.64906793,79.60395,96.65005,90.94473,89.21593
501,41.87124877,-87.64906793,84.72114,99.35318,88.43691,89.59093
502,41.87124877,-87.64906793,79.20551,105.8532,96.16348,94.82531
503,41.87124614,-87.64907222,79.41645,97.79849,102.3041,97.30187
504,41.87124614,-87.64907222,79.41645,85.73599,96.21035,89.62218
505,41.87124515,-87.6490741,79.71333,91.1813,106.7807,90.41125
506,41.87124515,-87.6490741,77.90083,90.54849,89.83535,88.59875
507,41.87124515,-87.6490741,80.61958,98.3063,100.1479,93.08312
508,41.87124515,-87.6490741,77.31489,93.15787,88.89785,90.5675
509,41.87124529,-87.64907585,79.83833,97.07974,96.34316,98.78625
510,41.87124529,-87.64907585,82.18208,93.29849,92.9291,93.17687
511,41.87124529,-87.64907585,78.92426,95.23599,89.82754,95.55968
512,41.87124529,-87.64907585,79.27583,92.4938,92.96816,106.4659
513,41.87124529,-87.64907585,80.25239,96.47037,88.29629,98.0675
514,41.87124529,-87.64907585,80.58051,98.43912,92.92129,91.38
515,41.87124506,-87.64907734,78.61958,95.3063,93.13223,96.66906
516,41.87124478,-87.64907891,78.25239,100.5641,94.81191,91.89562
517,41.87124449,-87.64908058,80.74458,96.93912,99.38223,101.3722
518,41.87124428,-87.64908223,78.15083,93.11099,90.03848,91.64562
519,41.87124428,-87.64908223,80.59614,94.44693,100.8666,94.82531
520,41.87124428,-87.64908223,79.29926,87.39224,95.56191,95.23156
521,41.87124428,-87.64908223,77.66645,92.47037,103.6869,93.52843
522,41.87124428,-87.64908223,78.6977,96.65787,93.62441,97.43468
523,41.87124404,-87.64908373,77.97114,95.58755,97.62441,94.89562
524,41.87124404,-87.64908373,78.33833,95.95474,91.21035,94.78625
525,41.87124404,-87.64908373,80.67426,93.42349,90.6166,94.05968
526,41.87124404,-87.64908373,79.5102,106.6344,93.99941,91.09093
527,41.87124404,-87.64908373,81.85395,94.61099,100.1713,93.32531
528,41.87124404,-87.64908373,77.36176,100.8219,93.13223,97.85656
529,41.87124404,-87.64908373,78.8852,88.00162,95.57754,96.71593
530,41.87124371,-87.64908613,80.73676,97.04849,92.08535,95.59875
531,41.87124367,-87.64908826,78.5102,95.65787,93.18691,97.67687
532,41.87124367,-87.64908826,79.68989,101.5876,105.351,89.85656
533,41.87124367,-87.64908826,79.46333,93.94693,100.8354,91.99718
534,41.87124367,-87.64908826,77.87739,94.82193,87.71816,94.20031
535,41.87124367,-87.64908826,82.21333,99.60318,93.81191,93.68468
536,41.87124367,-87.64908826,78.83833,105.3063,97.81973,91.02062
537,41.87124367,-87.64908826,79.50239,91.50943,91.39785,91.97375
538,41.87124367,-87.64908826,77.85395,91.79068,93.23379,97.83312
539,41.87124367,-87.64908826,80.97895,89.18912,117.976,95.71593
540,41.87124367,-87.64908826,78.9477,89.72037,92.9916,93.68468
541,41.87124367,-87.64908826,79.99458,90.29849,93.51504,94.66906
542,41.87124367,-87.64908826,77.46333,105.6422,93.62441,94.6925
543,41.87124367,-87.64908826,80.6977,98.56412,102.8588,92.27062
544,41.87124367,-87.64908826,79.52583,90.92349,94.53848,99.57531
545,41.87124367,-87.64908826,80.86176,88.68912,99.76504,95.83312
546,41.87124367,-87.64908826,81.54145,103.7126,89.1791,91.755
547,41.87124367,-87.64908826,81.0727,100.0329,94.3666,91.505
548,41.87124367,-87.64908826,82.5102,91.81412,102.5385,104.9112
549,41.87124367,-87.64908826,80.06489,86.98599,95.3666,104.9659
550,41.87124367,-87.64908826,78.5102,98.22037,94.13223,98.71593
551,41.87124367,-87.64908826,80.55708,92.54068,93.62441,90.77843
552,41.87124367,-87.64908826,78.87739,93.65005,98.81973,93.73937
553,41.87124367,-87.64908826,79.83833,91.47037,96.46035,92.76281
554,41.87124367,-87.64908826,80.33051,87.25162,98.21816,93.96593
555,41.87124367,-87.64908826,78.0727,100.8376,94.46816,94.41906
556,41.87124367,-87.64908826,77.15864,99.10318,90.27285,97.46593
557,41.87124367,-87.64908826,83.2602,92.71255,92.44473,98.16125
558,41.87124367,-87.64908826,77.79145,109.9001,107.015,106.2784
559,41.87124367,-87.64908826,80.29926,96.32974,93.56191,93.71593
560,41.87124367,-87.64908826,79.11958,92.3063,88.29629,99.92687
561,41.87124367,-87.64908826,79.29145,110.2047,102.7729,89.13
562,41.87124367,-87.64908826,82.6352,98.96255,98.09316,94.60656
563,41.87124367,-87.64908826,79.54926,97.39224,89.35879,85.62218
564,41.87124367,-87.64908826,78.59614,89.86099,89.22598,95.22375
565,41.87124367,-87.64908826,79.95551,98.56412,86.96816,89.41125
566,41.87124367,-87.64908826,79.14301,91.79068,92.1166,93.95031
567,41.87124367,-87.64908826,80.93208,103.4001,98.12441,99.91125
568,41.87124367,-87.64908826,78.08833,103.4938,88.28848,87.93468
569,41.87124367,-87.64908826,80.20551,110.9157,100.101,98.505
570,41.87124367,-87.64908826,79.01801,94.20474,96.72598,91.92687
571,41.87124367,-87.64908826,77.7602,96.48599,93.25723,98.70031
572,41.87124367,-87.64908826,80.34614,100.6188,89.34316,88.80187
573,41.87124367,-87.64908826,80.35395,94.51724,89.47598,93.10656
574,41.87124367,-87.64908826,80.74458,105.5016,94.67129,99.28625
575,41.87124367,-87.64908826,79.31489,101.1735,90.96816,94.22375
576,41.87124367,-87.64908826,76.54926,104.5485,97.46816,95.89562
577,41.87124367,-87.64908826,78.6977,92.3063,91.06973,92.15343
578,41.87124367,-87.64908826,79.85395,96.41568,94.67129,91.38781
579,41.87124367,-87.64908826,80.43208,95.02505,94.95254,88.27062
580,41.87124367,-87.64908826,77.85395,93.79068,113.3666,98.99718
581,41.87124367,-87.64908826,79.06489,93.06412,97.3041,87.45812
582,41.87124367,-87.64908826,77.50239,102.361,94.3666,95.70031
583,41.87124367,-87.64908826,75.22895,90.07193,96.8666,96.24718
584,41.87124367,-87.64908826,78.17426,102.9313,100.6322,97.91125
585,41.87124367,-87.64908826,78.95551,92.9313,95.56191,95.32531
586,41.87124367,-87.64908826,77.99458,91.88443,100.1166,94.32531
587,41.87124367,-87.64908826,80.65083,96.47037,91.14004,101.2784
588,41.87124367,-87.64908826,79.7602,88.57193,90.62441,92.04406
589,41.87124367,-87.64908826,79.01801,94.01724,98.60879,107.1769
590,41.87124367,-87.64908826,77.65083,95.39224,93.06973,92.13781
591,41.87124367,-87.64908826,77.54926,88.86099,95.09316,90.18468
592,41.87124367,-87.64908826,78.5102,96.9313,98.39785,85.9425
593,41.87124367,-87.64908826,76.31489,91.00162,91.78066,96.88
594,41.87124367,-87.64908826,77.8852,90.92349,90.18691,112.5519
595,41.87124367,-87.64908826,78.25239,91.75943,98.04629,101.5128
596,41.87124609,-87.64909035,79.18208,108.0407,89.60098,87.55187
597,41.87125102,-87.64909448,80.11176,92.65787,91.37441,90.21593
598,41.87125351,-87.6490965,79.81489,104.0329,90.13223,97.0675
599,41.87125853,-87.64910056,78.58051,96.84537,98.39785,94.88
600,41.87126106,-87.6491026,77.11176,103.6344,93.06973,91.3175
601,41.87126613,-87.64910669,79.04145,106.4469,98.17129,98.12218
602,41.87126868,-87.64910872,80.15864,91.25943,88.62441,89.34093
603,41.87127378,-87.64911269,77.74458,89.04068,97.46816,83.55968
604,41.87127636,-87.6491147,76.31489,96.76724,93.96816,100.6456
605,41.8712816,-87.64911875,77.18208,117.6813,97.35098,96.32531
606,41.87128418,-87.64912072,76.55708,96.3688,95.70254,93.82531
607,41.87128936,-87.64912464,84.49458,97.51724,99.65566,112.2003
608,41.87129197,-87.64912661,80.39301,124.3297,102.8432,89.80187
609,41.87129718,-87.64913048,83.4477,86.88443,104.9447,92.92687
610,41.87129984,-87.64913243,78.00239,92.47037,96.28066,112.1769
611,41.87130525,-87.64913636,78.59614,96.11099,92.18691,99.27843
612,41.87130797,-87.64913832,79.7602,93.65787,95.03848,88.10656
613,41.87131311,-87.64914242,79.0727,93.65787,89.78066,94.15343
614,41.87131583,-87.64914448,78.92426,94.82193,104.4916,89.98937
615,41.87132143,-87.64914845,77.5727,90.54849,91.68691,93.58312
616,41.87132423,-87.64915055,77.7602,113.5329,102.6791,89.22375
617,41.87132962,-87.64915483,78.43989,97.19693,97.28066,92.22375
618,41.87133228,-87.64915699,77.60395,92.09537,96.48379,94.90343
619,41.87133764,-87.64916132,77.83833,92.47037,91.1791,95.88
620,41.87134033,-87.64916351,81.01801,94.32193,95.24941,105.7706
621,41.87134559,-87.64916794,77.15083,96.95474,98.65566,88.63781
622,41.87134819,-87.6491702,79.67426,105.3141,94.43691,90.66125
623,41.87135334,-87.64917477,77.60395,93.63443,98.16348,91.88
624,41.87135334,-87.64917477,80.0727,92.92349,91.42129,93.48937
625,41.8713553,-87.64917632,82.71333,89.14224,92.22598,101.9112
626,41.8713553,-87.64917632,77.50239,87.40787,94.85879,96.66906
627,41.8713553,-87.64917632,81.62739,110.6266,89.16348,89.71593
628,41.8713553,-87.64917632,74.96333,90.50943,110.4291,88.005
629,41.8713553,-87.64917632,79.04926,98.81412,89.59316,99.11437
630,41.8713553,-87.64917632,75.43208,91.87662,94.21035,103.6534
631,41.8713553,-87.64917632,79.39301,100.2829,96.35098,95.37218
632,41.8713553,-87.64917632,79.2602,95.65005,99.4916,94.20812
633,41.8713553,-87.64917632,79.29145,99.72818,97.02285,91.13
634,41.8713553,-87.64917632,79.29145,85.8688,89.82754,95.48156
635,41.8713553,-87.64917632,80.0727,94.89224,96.72598,89.22375
636,41.8713553,-87.64917632,77.5102,95.9313,90.27285,102.9737
637,41.8713553,-87.64917632,77.22114,91.78287,110.0541,97.4425
638,41.8713553,-87.64917632,76.36958,96.13443,92.71035,92.01281
639,41.8713553,-87.64917632,80.30708,92.69693,93.62441,100.3487
640,41.8713553,-87.64917632,77.31489,94.16568,99.31191,93.39562
641,41.8713553,-87.64917632,78.1352,89.60318,92.03848,97.63
642,41.8713553,-87.64917632,79.33833,91.44693,94.13223,99.71593
643,41.8713553,-87.64917632,79.14301,98.18912,86.43691,91.02062
644,41.8713581,-87.64917949,80.5727,90.15787,95.08535,99.77062
645,41.87136367,-87.64918593,79.52583,100.4001,100.0072,92.4425
646,41.87136647,-87.64918915,79.58051,94.67349,90.38223,92.13781
647,41.87137207,-87.64919563,78.64301,89.47818,92.90566,88.26281
648,41.87137481,-87.64919881,77.52583,98.07974,99.96035,101.2316
649,41.87138037,-87.64920533,79.18208,95.47037,87.67129,93.71593
650,41.87138315,-87.64920862,78.83833,88.06412,96.83535,91.98937
651,41.87138867,-87.64921525,78.83833,97.58755,96.27285,100.3253
652,41.87139141,-87.64921859,78.54926,95.76724,105.101,98.91125
653,41.87139691,-87.64922542,80.55708,94.65787,94.7416,101.3487
654,41.87139962,-87.64922883,77.81489,93.46255,104.6791,91.34093
655,41.87140504,-87.64923572,78.36958,94.21255,95.23379,93.34093
656,41.87140773,-87.64923916,79.18208,88.40787,104.9604,96.83312
657,41.87141301,-87.64924611,79.65083,88.57193,89.27285,92.36437
658,41.87141563,-87.64924959,78.78364,105.2672,99.19473,87.85656
659,41.87142091,-87.64925666,77.61958,99.03287,90.69473,88.91906
660,41.87142348,-87.64926026,77.01801,93.21255,90.57754,89.61437
661,41.87142843,-87.64926759,79.18989,87.15005,89.19473,98.60656
662,41.8714309,-87.64927126,76.24458,99.7438,102.0932,93.755
663,41.87143612,-87.64927845,78.00239,95.16568,90.62441,91.9425
664,41.87143876,-87.64928206,78.68989,114.6735,98.57754,91.99718
665,41.87144409,-87.64928932,78.6977,91.16568,99.03066,100.0753
666,41.87144676,-87.64929295,76.1352,99.79068,101.4057,94.0675
667,41.87145205,-87.64930021,82.08833,92.65005,112.6479,90.28625
668,41.8714547,-87.64930383,77.46333,92.58755,93.15566,91.13781
669,41.87145995,-87.64931111,78.11176,104.0172,91.32754,89.61437
670,41.87146255,-87.64931479,80.67426,92.46255,93.72598,101.4737
671,41.87146772,-87.64932217,77.68989,93.51724,99.76504,102.2159
672,41.87147032,-87.64932597,77.24458,95.79849,97.37441,107.1769
673,41.87147552,-87.64933353,79.9477,88.65005,99.71816,106.0597
674,41.87147552,-87.64933353,80.40083,99.47818,96.53848,97.18468
675,41.87148046,-87.64934116,80.47895,97.6813,89.28848,92.5675
676,41.87148291,-87.64934499,76.87739,92.9313,103.4447,93.20812
677,41.87148789,-87.64935264,78.29145,98.56412,94.90566,105.2394
678,41.87149042,-87.64935645,78.55708,93.9313,91.3041,99.6925
679,41.87149552,-87.64936407,77.48676,91.39224,86.62441,89.21593
680,41.87149809,-87.64936787,79.2602,98.79068,105.6869,94.32531
681,41.87150325,-87.64937548,77.6977,88.67349,91.6166,95.13781
682,41.87150583,-87.64937932,77.06489,95.25943,90.3666,97.08312
683,41.87151103,-87.64938699,80.29926,90.71255,93.15566,105.2159
684,41.87151363,-87.64939086,77.71333,95.58755,100.7494,93.755
685,41.87151885,-87.64939859,77.3852,88.66568,90.73379,91.755
686,41.87152147,-87.64940248,79.06489,95.15787,94.46816,89.755
687,41.87152674,-87.64941024,80.09614,91.88443,90.01504,89.95031
688,41.87152938,-87.6494141,78.24458,99.67349,89.7416,102.1612
689,41.8715347,-87.6494218,77.68989,89.54849,103.1713,100.8097
690,41.87153738,-87.64942564,77.10395,90.53287,96.37441,97.20812
691,41.87153738,-87.64942564,77.53364,94.90787,95.9291,100.4581
692,41.87153738,-87.64942564,80.29926,91.8063,99.65566,99.13781
693,41.87153738,-87.64942564,81.1352,99.23599,99.78848,88.34093
694,41.87153738,-87.64942564,79.43208,87.76724,97.69473,111.3878
695,41.87153738,-87.64942564,78.27583,96.13443,92.68691,102.6612
696,41.87153738,-87.64942564,74.85301,99.13349,96.11566,94.12125
697,41.87153738,-87.64942564,80.26707,91.24287,96.14691,90.69156
698,41.87153738,-87.64942564,77.50926,93.61005,110.6,97.95718
699,41.87153738,-87.64942564,80.72801,101.2741,90.65472,97.54312
700,41.87153738,-87.64942564,79.70457,106.0632,95.02972,101.8869
701,41.87153738,-87.64942564,78.22801,94.33662,88.95941,90.87906
702,41.87153738,-87.64942564,76.60301,90.37568,90.31879,92.34781
703,41.87153738,-87.64942564,76.60301,91.63349,91.46722,101.6759
704,41.87153738,-87.64942564,76.55614,100.0632,92.11566,90.30093
705,41.87153738,-87.64942564,81.02489,98.0163,94.0766,101.4181
706,41.87153738,-87.64942564,77.9477,89.72037,92.57754,91.35656
707,41.87153738,-87.64942564,78.47895,104.5016,86.94473,91.38
708,41.87153738,-87.64942564,78.67426,92.60318,90.97598,95.51281
709,41.87153738,-87.64942564,77.90864,97.27505,94.88223,91.48156
710,41.87153738,-87.64942564,79.04926,94.48599,91.99941,112.005
711,41.87154082,-87.6494294,80.99458,97.32974,90.06973,94.20031
712,41.87154082,-87.6494294,81.04926,104.7985,91.92129,93.13781
713,41.8715433,-87.64943408,77.05708,96.14224,106.4525,84.95812
714,41.87154583,-87.6494387,78.36176,90.75943,90.23379,91.52062
715,41.87155205,-87.64944689,77.1352,93.32193,119.1635,103.7003
716,41.87155542,-87.64945073,78.18114,90.2663,101.936,99.70718
717,41.87155885,-87.64945452,80.0727,93.25943,87.9291,94.51281
718,41.87156233,-87.64945828,77.22895,94.37662,97.20254,93.51281
719,41.87156916,-87.64946589,79.00239,99.96255,91.53066,96.74718
720,41.87157252,-87.64946974,75.47895,96.32974,91.50723,93.95031
721,41.87157939,-87.64947706,78.18208,90.32193,92.85098,93.17687
722,41.87158309,-87.64948046,74.50239,98.21255,86.60098,88.755
723,41.87158309,-87.64948046,77.90083,96.09537,98.98379,93.41906
724,41.87158309,-87.64948046,79.46333,98.46255,104.6791,88.21593
725,41.87158309,-87.64948046,75.20551,93.83755,98.60098,89.97375
726,41.87158309,-87.64948046,78.68114,99.14912,94.84222,90.6525
727,41.87158309,-87.64948046,81.00926,108.6882,107.6625,101.4259
728,41.87158309,-87.64948046,81.0327,95.14912,94.56097,99.98062
729,41.87158309,-87.64948046,76.46239,95.73505,101.2953,96.6525
730,41.87158309,-87.64948046,80.23582,91.39912,98.8266,95.85562
731,41.87158309,-87.64948046,78.91551,86.53974,100.1078,91.83218
732,41.87158309,-87.64948046,76.9702,89.61005,93.42816,89.95718
733,41.87158309,-87.64948046,80.46239,96.68818,99.35785,101.3166
734,41.87158309,-87.64948046,78.6577,93.12568,91.14691,97.30875
735,41.87158309,-87.64948046,77.22801,90.10224,85.94379,100.1212
736,41.87158309,-87.64948046,76.7602,93.63443,89.04629,98.60656
737,41.87158309,-87.64948046,79.61958,98.2438,94.09316,91.09093
738,41.87158309,-87.64948046,77.78364,100.361,89.7416,98.505
739,41.87158309,-87.64948046,78.68989,92.16568,94.7416,95.59875
740,41.87158309,-87.64948046,78.54926,96.09537,91.13223,90.45812
741,41.87158309,-87.64948046,83.65864,89.92349,90.73379,92.98937
742,41.87158309,-87.64948046,77.71333,95.62662,97.97598,90.42687
743,41.87158309,-87.64948046,77.54926,91.97818,94.43691,105.755
744,41.87158309,-87.64948046,78.34614,92.3688,91.01504,87.41125
745,41.87158309,-87.64948046,78.90864,86.8063,89.09316,102.1612
746,41.87158309,-87.64948046,78.57957,98.36005,103.8032,108.4728
747,41.87158309,-87.64948046,76.32957,100.946,93.59222,97.93375
748,41.87158309,-87.64948046,78.0327,93.31318,93.97504,109.1369
749,41.87158309,-87.64948046,78.97801,99.43818,88.30316,91.87906
750,41.87158309,-87.64948046,78.9077,90.65693,100.1,97.18375
751,41.87158309,-87.64948046,77.32176,96.4538,98.02972,109.1994
752,41.87158309,-87.64948046,80.67332,90.71943,108.1547,95.35562
753,41.87158309,-87.64948046,79.25926,87.71943,91.7016,97.44156
754,41.87158309,-87.64948046,79.36864,99.56318,90.56097,103.965
755,41.87158309,-87.64948046,77.63426,94.58662,101.8266,98.70718
756,41.87158309,-87.64948046,77.42332,95.98505,97.89691,104.4103
757,41.87158309,-87.64948046,78.04832,95.86787,89.97504,99.20718
758,41.87158309,-87.64948046,76.88426,109.5163,104.4594,90.41812
759,41.87158309,-87.64948046,78.11082,92.83662,107.7875,106.1056
760,41.87158309,-87.64948046,78.89207,90.00849,96.4516,98.30093
761,41.87158309,-87.64948046,80.17332,94.00849,90.12347,93.33218
762,41.87158309,-87.64948046,77.69676,90.50849,94.65472,98.58218
763,41.87158309,-87.64948046,77.39989,98.03193,93.35004,92.07437
764,41.87158309,-87.64948046,76.64989,99.79755,94.77972,87.55875
765,41.87158309,-87.64948046,81.23582,99.08662,94.0766,89.09
766,41.87158309,-87.64948046,81.36082,91.40693,91.17035,99.09781
767,41.87158309,-87.64948046,78.02489,94.28193,97.37347,89.20718
768,41.87158309,-87.64948046,77.37645,95.19599,94.20941,88.59781
769,41.87158309,-87.64948046,78.97801,94.28193,96.93597,94.00406
770,41.87158309,-87.64948046,76.23582,99.43818,94.70941,94.39468
771,41.87158309,-87.64948046,76.37645,90.48505,92.05316,107.0119
772,41.87158309,-87.64948046,77.6577,93.98505,106.1078,91.79312
773,41.87158309,-87.64948046,79.42332,100.6647,93.95941,87.67593
774,41.87158309,-87.64948046,76.46239,101.4304,89.48285,97.55875
775,41.87158309,-87.64948046,79.75145,98.61005,94.9516,97.25406
776,41.87158309,-87.64948046,79.14989,94.59443,95.7016,94.44937
777,41.87158309,-87.64948046,77.58739,98.18037,95.60785,92.87906
778,41.87158309,-87.64948046,76.86082,100.8054,94.56879,98.48843
779,41.87158309,-87.64948046,77.6577,91.86005,94.66254,93.80875
780,41.87158309,-87.64948046,80.48582,92.11787,95.04535,92.57437
781,41.87158309,-87.64948046,76.91551,104.6882,100.725,92.60562
782,41.87158309,-87.64948046,78.41551,98.31318,106.0141,91.32437
783,41.87158309,-87.64948046,77.69676,84.22724,98.25629,90.19937
784,41.87158309,-87.64948046,75.5327,93.86005,92.92816,96.16031
785,41.87158309,-87.64948046,76.97801,88.02412,105.7563,93.69156
786,41.87158309,-87.64948046,76.99364,91.53193,93.95941,95.12125
787,41.87158309,-87.64948046,79.11864,105.0866,92.99847,92.28531
788,41.87158309,-87.64948046,74.76707,94.57099,93.81879,100.0041
789,41.87158309,-87.64948046,76.63426,90.00849,100.8032,99.74625
790,41.87158309,-87.64948046,77.56395,97.80537,98.80316,95.16812
791,41.87158309,-87.64948046,77.72801,96.75068,94.5141,89.83218
792,41.87158309,-87.64948046,77.37645,95.19599,97.80316,99.98843
793,41.87158309,-87.64948046,76.39989,103.3679,88.37347,95.37906
794,41.87158309,-87.64948046,76.58739,97.05537,90.8891,93.83218
795,41.87158309,-87.64948046,77.61082,97.79755,94.06879,90.26968
796,41.87158309,-87.64948046,75.35301,88.74287,95.98285,104.4259
797,41.87158309,-87.64948046,77.0952,94.24287,98.31097,92.79312
798,41.87158309,-87.64948046,76.69676,97.65693,95.02191,101.8869
799,41.87158309,-87.64948046,75.9702,86.77412,95.94379,100.6369
800,41.87158309,-87.64948046,78.43895,111.7194,101.5219,92.92593
801,41.87158309,-87.64948046,78.5327,92.43037,92.47504,88.64468
802,41.87158309,-87.64948046,75.76707,96.56318,91.23285,91.81656
803,41.87158309,-87.64948046,77.68114,98.38349,94.72504,109.7775
804,41.87158309,-87.64948046,76.9702,94.33662,92.28754,90.43375
805,41.87158309,-87.64948046,76.93895,102.0319,107.4985,91.81656
806,41.87158309,-87.64948046,76.41551,92.96162,98.91254,96.69937
807,41.87158309,-87.64948046,78.18114,93.39912,104.3657,93.30093
808,41.87158309,-87.64948046,76.7202,97.11005,96.60785,94.54312
809,41.87158309,-87.64948046,78.21239,96.1413,89.81097,93.85562
810,41.87158309,-87.64948046,75.9077,98.44599,94.56879,88.45718
811,41.87158309,-87.64948046,78.79832,98.08662,95.16254,91.07437
812,41.87158309,-87.64948046,78.32957,94.79755,94.90472,91.69156
813,41.87158309,-87.64948046,77.55614,101.0397,104.3891,96.73062
814,41.87158309,-87.64948046,77.50926,108.8288,88.97504,96.09
815,41.87158309,-87.64948046,77.98582,98.46943,92.18597,98.39468
816,41.87158309,-87.64948046,80.0327,87.30537,105.1,91.72281
817,41.87158309,-87.64948046,75.39207,96.16474,94.20941,95.26187
818,41.87158309,-87.64948046,77.18114,103.4772,91.25629,103.0353
819,41.87158309,-87.64948046,77.01707,88.23505,94.42816,92.67593
820,41.87158309,-87.64948046,75.64989,100.0085,96.58441,92.64468
821,41.87158309,-87.64948046,79.00926,89.50849,101.3344,87.67593
822,41.87158309,-87.64948046,75.87645,93.21162,99.54535,91.93375
823,41.87158309,-87.64948046,78.79832,95.72724,91.48285,99.59
824,41.87158309,-87.64948046,78.51707,95.42255,91.50629,91.09781
825,41.87158309,-87.64948046,76.77489,85.60224,108.0844,93.33218
826,41.87158309,-87.64948046,77.81395,88.69599,90.81097,89.19937
827,41.87158309,-87.64948046,77.39989,98.8288,90.92816,97.89468
828,41.87158309,-87.64948046,76.51707,92.71943,93.59222,104.7306
829,41.87158309,-87.64948046,74.99364,88.7663,93.23285,102.7462
830,41.87158309,-87.64948046,76.62645,89.74287,88.97504,90.43375
831,41.87158309,-87.64948046,77.0952,104.0632,91.17035,91.73843
832,41.87158309,-87.64948046,76.75145,89.27412,92.47504,89.1525
833,41.87158309,-87.64948046,76.25926,101.5476,91.56097,120.4416
834,41.87158309,-87.64948046,77.63426,100.2663,89.48285,88.32437
835,41.87158309,-87.64948046,77.89207,101.821,105.6235,103.1525
836,41.87158309,-87.64948046,77.25926,93.6413,90.93597,112.3478
837,41.87158309,-87.64948046,76.50926,99.00849,96.02191,95.91031
838,41.87158309,-87.64948046,76.88426,102.3132,90.24066,96.66031
839,41.87158309,-87.64948046,78.00926,102.1569,104.5453,95.61343
840,41.87158309,-87.64948046,77.00145,90.88349,92.56097,84.97281
841,41.87158309,-87.64948046,77.98582,93.93037,99.74847,104.3322
842,41.87158309,-87.64948046,75.39989,96.54755,95.42035,100.5431
843,41.87158309,-87.64948046,76.6577,92.21162,90.46722,90.10562
844,41.87158309,-87.64948046,77.13426,98.38349,93.2641,92.04312
845,41.87158309,-87.64948046,75.83739,90.3913,92.91254,90.03531
846,41.87158309,-87.64948046,77.0952,88.72724,94.27972,103.3166
847,41.87158309,-87.64948046,76.46239,101.9929,85.11566,93.78531
848,41.87158309,-87.64948046,76.64989,91.12568,95.49066,92.94937
849,41.87158309,-87.64948046,77.89207,89.3913,87.27972,106.7619
850,41.87158309,-87.64948046,76.86864,96.21943,95.54535,99.67593
851,41.87158309,-87.64948046,75.9077,111.7272,96.49847,92.01968
852,41.87158309,-87.64948046,77.79051,97.8288,91.43597,104.2384
853,41.87158309,-87.64948046,80.76707,92.30537,97.56879,91.34
854,41.87158309,-87.64948046,76.01707,94.38349,90.52972,95.51187
855,41.87158309,-87.64948046,77.82176,109.4851,101.7563,106.5197
856,41.87158309,-87.64948046,80.43895,89.90693,92.25629,95.34781
857,41.87158309,-87.64948046,77.93114,94.11787,94.33441,93.09
858,41.87158309,-87.64948046,77.95457,90.49287,89.49066,108.8556
859,41.87158309,-87.64948046,78.51707,99.75068,88.91254,95.91031
860,41.87158309,-87.64948046,75.83739,94.57099,93.95941,92.14468
861,41.87158309,-87.64948046,77.6577,96.49287,93.90472,99.19156
862,41.87158309,-87.64948046,75.72801,96.78193,95.46722,106.8322
863,41.87158309,-87.64948046,76.49364,102.9616,87.1391,93.94937
864,41.87158309,-87.64948046,76.14207,112.9069,90.24066,90.83218
865,41.87158309,-87.64948046,77.2827,90.78974,97.20941,92.37125
866,41.87158309,-87.64948046,77.14207,97.11005,92.60004,95.74625
867,41.87158309,-87.64948046,77.55614,100.3444,97.60785,94.98062
868,41.87158309,-87.64948046,77.37645,99.0788,99.0766,98.51187
869,41.87158309,-87.64948046,78.98582,96.6413,87.17816,94.85562
870,41.87158309,-87.64948046,75.20457,93.12568,92.3266,87.17593
871,41.87158309,-87.64948046,78.0952,93.65693,86.45941,92.2775
872,41.87158309,-87.64948046,78.68114,92.58662,99.24066,98.70718
873,41.87158309,-87.64948046,78.00145,93.77412,100.4047,91.09781
874,41.87158309,-87.64948046,77.04051,96.79755,95.20941,90.10562
875,41.87158309,-87.64948046,78.97801,90.7663,93.44379,89.16031
876,41.87158309,-87.64948046,78.11864,90.36787,99.2641,92.6525
877,41.87158309,-87.64948046,76.51707,97.65693,106.5219,98.76968
878,41.87158309,-87.64948046,78.96239,89.00849,98.60785,91.69156
879,41.87158309,-87.64948046,77.9077,94.72724,96.56097,87.48843
880,41.87158309,-87.64948046,78.4702,99.92255,91.1391,97.84781
881,41.87158309,-87.64948046,78.63426,92.86787,91.28754,90.17593
882,41.87158309,-87.64948046,78.00926,95.92255,93.10004,99.73062
883,41.87158309,-87.64948046,77.93895,97.40693,106.7172,92.43375
884,41.87158309,-87.64948046,75.83739,92.82099,101.8735,91.67593
885,41.87158309,-87.64948046,76.79051,95.28193,88.8891,95.09
886,41.87158309,-87.64948046,78.32957,103.3601,92.0766,91.23062
887,41.87158309,-87.64948046,78.04832,94.56318,94.56879,108.2853
888,41.87158309,-87.64948046,78.20457,90.21943,95.09222,103.6134
889,41.87158309,-87.64948046,76.08739,99.40693,87.58441,94.9025
890,41.87158309,-87.64948046,78.05614,95.09443,90.83441,89.55093
891,41.87158309,-87.64948046,80.25926,103.4538,98.25629,91.14468
892,41.87158309,-87.64948046,76.23582,91.28193,104.6938,100.8166
893,41.87158309,-87.64948046,77.0952,87.36787,94.17035,94.76187
894,41.87158309,-87.64948046,76.6577,104.8991,91.65472,95.58218
895,41.87158309,-87.64948046,77.18114,93.47724,109.6,96.06656
896,41.87158309,-87.64948046,77.74364,95.10224,90.21722,96.01968
897,41.87158309,-87.64948046,78.60301,87.5163,90.52972,99.55875
898,41.87158309,-87.64948046,76.55614,107.571,92.30316,98.01968
899,41.87158309,-87.64948046,77.91551,96.86787,104.8266,89.98062
900,41.87158309,-87.64948046,76.86082,94.33662,116.2797,90.51187
901,41.87158309,-87.64948046,79.07957,95.65693,105.9985,89.99625
902,41.87158309,-87.64948046,79.36864,89.19599,97.73285,97.16812
903,41.87158309,-87.64948046,78.32176,93.66474,93.14691,98.37125
904,41.87158309,-87.64948046,76.91551,92.31318,106.9516,89.34
905,41.87158309,-87.64948046,76.95457,107.5241,90.91254,88.66812
906,41.87158309,-87.64948046,77.0952,90.88349,98.95941,91.64468
907,41.87158309,-87.64948046,76.27489,93.36005,88.22504,107.1916
908,41.87158309,-87.64948046,77.63426,102.5944,88.77191,98.84
909,41.87158309,-87.64948046,76.23582,92.14912,90.04535,91.24625
910,41.87158309,-87.64948046,77.32957,91.8913,96.72504,92.86343
911,41.87158309,-87.64948046,77.3452,98.8913,96.17035,113.0119
912,41.87158309,-87.64948046,78.61082,112.2351,91.97504,97.91812
913,41.87158309,-87.64948046,78.88426,93.90693,92.06879,94.51187
914,41.87158309,-87.64948046,80.18895,88.29755,95.11566,87.92593
915,41.87158309,-87.64948046,78.36864,89.77412,92.72504,98.12125
916,41.87158309,-87.64948046,75.51707,88.93037,96.42816,88.89468
917,41.87158309,-87.64948046,78.32176,94.68818,94.65472,93.30875
918,41.87158309,-87.64948046,75.97801,106.9929,87.55316,94.84
919,41.87158309,-87.64948046,77.3452,92.53974,98.08441,98.98062
920,41.87158309,-87.64948046,77.29832,88.78974,92.42035,89.88687
921,41.87158309,-87.64948046,77.25926,92.1413,93.53754,92.78531
922,41.87158309,-87.64948046,79.9077,108.1569,91.55316,101.1291
923,41.87158309,-87.64948046,76.36864,93.38349,97.25629,101.4259
924,41.87158309,-87.64948046,78.1577,98.18037,99.49066,90.58218
925,41.87158309,-87.64948046,78.14207,94.23505,96.35785,92.32437
926,41.87158309,-87.64948046,76.23582,93.72724,90.45941,103.34
927,41.87158309,-87.64948046,77.21239,94.98505,98.66254,103.4728
928,41.87158309,-87.64948046,77.06395,97.99287,108.7563,97.49625
929,41.87158309,-87.64948046,77.79832,88.98505,98.0141,92.83218
930,41.87158309,-87.64948046,76.44676,103.4772,91.9516,95.26187
931,41.87158309,-87.64948046,79.39207,93.33662,94.11566,98.4025
932,41.87158309,-87.64948046,78.00145,94.28193,95.24066,89.5275
933,41.87158309,-87.64948046,76.2827,102.321,91.06879,97.86343
934,41.87158309,-87.64948046,77.64989,94.4538,96.72504,95.30093
935,41.87158309,-87.64948046,76.86082,94.44599,92.33441,85.68375
936,41.87158309,-87.64948046,76.79832,88.77412,91.99847,93.78531
937,41.87158309,-87.64948046,78.30614,95.03193,92.98285,87.2775
938,41.87158309,-87.64948046,77.79832,93.02412,90.79535,101.0587
939,41.87158309,-87.64948046,78.13426,97.12568,96.42816,101.59
940,41.87158309,-87.64948046,75.72801,97.50068,92.19379,92.36343
941,41.87158309,-87.64948046,77.25926,98.71162,92.53754,94.12125
942,41.87158309,-87.64948046,78.43895,95.73505,91.25629,94.44937
943,41.87158309,-87.64948046,79.14989,93.88349,89.36566,88.92593
944,41.87158309,-87.64948046,76.83739,93.84443,115.3032,98.06656
945,41.87158309,-87.64948046,78.11864,99.91474,94.39691,97.47281
946,41.87158309,-87.64948046,75.77489,90.53974,93.33441,94.0275
947,41.87158309,-87.64948046,76.91551,99.08662,90.17035,91.00406
948,41.87158309,-87.64948046,76.50926,93.66474,93.81097,101.5119
949,41.87158309,-87.64948046,78.11864,95.12568,94.14691,100.0275
950,41.87158309,-87.64948046,77.25926,92.97724,93.05316,96.465
951,41.87158309,-87.64948046,78.60301,92.68037,97.85004,90.38687
952,41.87158309,-87.64948046,76.6577,104.321,93.04535,99.80093
953,41.87158309,-87.64948046,79.95457,92.57099,91.14691,102.4728
954,41.87158309,-87.64948046,76.93895,89.50849,94.0766,91.95718
955,41.87158309,-87.64948046,77.2827,95.12568,93.23285,98.7775
956,41.87158309,-87.64948046,74.41551,88.35224,91.67816,100.8009
957,41.87158309,-87.64948046,76.39207,89.58662,93.0766,120.3244
958,41.87158309,-87.64948046,76.1577,93.54755,99.79535,99.33218
959,41.87158309,-87.64948046,75.76707,90.35224,93.77191,96.30875
960,41.87158309,-87.64948046,77.42332,106.4772,89.74066,102.0744
961,41.87158309,-87.64948046,76.0952,92.64912,92.60785,93.76968
962,41.87158309,-87.64948046,76.51707,94.00849,104.225,90.55875
963,41.87158309,-87.64948046,77.77489,94.85224,86.72504,94.98062
964,41.87158309,-87.64948046,78.56395,94.78193,95.42816,97.84
965,41.87158309,-87.64948046,75.0952,92.21162,108.85,94.69937
966,41.87158309,-87.64948046,76.11864,92.61787,92.97504,86.66031
967,41.87158309,-87.64948046,76.35301,94.49287,92.81879,93.20718
968,41.87158309,-87.64948046,76.48582,93.0788,89.1391,96.56656
969,41.87158309,-87.64948046,78.18114,97.57099,100.4047,90.39468
970,41.87158309,-87.64948046,75.72801,96.10224,96.94379,97.2775
971,41.87158309,-87.64948046,75.74364,96.35224,104.3344,113.8634
972,41.87158309,-87.64948046,76.7202,97.92255,96.85004,96.44156
973,41.87158309,-87.64948046,78.0327,92.38349,104.686,94.97281
974,41.87158309,-87.64948046,76.14207,98.4538,93.92816,98.37125
975,41.87158309,-87.64948046,77.20457,89.93818,89.83441,95.99625
976,41.87158309,-87.64948046,77.06395,99.41474,92.64691,89.34
977,41.87158309,-87.64948046,77.37645,96.12568,99.03754,89.60562
978,41.87158309,-87.64948046,75.41551,94.89912,91.37347,100.5666
979,41.87158309,-87.64948046,77.82176,90.48505,93.9516,98.63687
980,41.87158309,-87.64948046,75.94676,91.3288,94.72504,89.31656
981,41.87158309,-87.64948046,76.81395,106.3679,103.7328,90.87906
982,41.87158309,-87.64948046,76.0952,103.4616,101.2172,89.92593
983,41.87158309,-87.64948046,76.93114,96.93818,92.3266,91.05093
984,41.87158309,-87.64948046,76.13426,95.21943,94.56097,94.87906
985,41.87158309,-87.64948046,77.75145,103.3835,87.90472,93.34781
986,41.87158309,-87.64948046,75.44676,94.93037,99.87347,99.37125
987,41.87158309,-87.64948046,78.6577,97.35224,91.35785,98.19156
988,41.87158309,-87.64948046,75.86082,97.38349,98.92035,95.2775
989,41.87158309,-87.64948046,79.86864,90.36787,102.1938,92.32437
990,41.87158309,-87.64948046,76.39989,97.25849,91.83441,100.0275
991,41.87158309,-87.64948046,77.29832,100.7585,91.74847,100.0587
992,41.87158309,-87.64948046,77.50926,95.56318,92.11566,91.98062
993,41.87158309,-87.64948046,78.00926,101.8679,91.81879,93.09
994,41.87158309,-87.64948046,74.60301,97.71162,93.46722,89.87906
995,41.87158309,-87.64948046,76.37645,95.37568,99.70941,94.37906
996,41.87158309,-87.64948046,76.56395,92.0788,103.7875,107.9884
997,41.87158309,-87.64948046,79.50926,95.52412,89.7016,99.72281
998,41.87158309,-87.64948046,76.83739,93.78974,96.60785,97.07437
999,41.87158309,-87.64948046,76.70457,89.00849,89.67035,99.67593
1000,41.87158309,-87.64948046,78.49364,95.28193,100.5063,95.39468
1001,41.87158309,-87.64948046,78.25145,92.30537,93.65472,91.2775
1002,41.87158309,-87.64948046,77.27489,92.98505,95.72504,93.33218
1003,41.87158309,-87.64948046,77.3452,96.19599,93.7016,94.44937
1004,41.87158309,-87.64948046,79.21239,100.0632,88.91254,95.33218
1005,41.87158309,-87.64948046,76.39207,97.61005,90.81879,123.6994
1006,41.87158309,-87.64948046,78.8452,99.93818,87.50629,95.44156
1007,41.87158309,-87.64948046,76.0952,93.73505,89.60785,94.81656
1008,41.87158309,-87.64948046,76.18801,93.99193,95.57566,106.4406
1009,41.87158309,-87.64948046,74.69582,93.82787,90.25535,90.79218
1010,41.87158309,-87.64948046,76.32864,97.54662,92.70847,95.69843
1011,41.87158309,-87.64948046,78.79739,94.34349,92.61472,91.40156
1012,41.87158309,-87.64948046,76.46926,97.2263,90.42722,92.37812
1013,41.87158309,-87.64948046,78.07082,97.6013,111.9975,89.8
1014,41.87158309,-87.64948046,77.6177,90.06224,85.35691,93.72968
1015,41.87158309,-87.64948046,76.54739,93.55443,91.93504,93.30781
1016,41.87158309,-87.64948046,79.32864,98.01537,89.12254,94.12031
1017,41.87158309,-87.64948046,76.78176,91.4138,100.185,98.29218
1018,41.87158309,-87.64948046,78.21239,100.8054,96.66254,103.9806
1019,41.87158309,-87.64948046,75.63426,91.83662,101.4282,95.33218
1020,41.87158309,-87.64948046,78.57957,92.18818,93.83441,94.34781
1021,41.87158309,-87.64948046,79.27489,94.75849,86.97504,91.83218
1022,41.87158309,-87.64948046,74.9077,95.35224,87.58441,92.92593
1023,41.87158309,-87.64948046,76.11082,118.2663,95.16254,105.2462
1024,41.87158309,-87.64948046,78.57957,96.00849,92.79535,88.67593
1025,41.87158309,-87.64948046,77.8452,89.86005,89.18597,94.09
1026,41.87158309,-87.64948046,77.11864,89.05537,90.43597,100.6525
1027,41.87158309,-87.64948046,75.87645,103.3132,98.85004,100.3322
1028,41.87158309,-87.64948046,79.85207,93.01537,93.55222,99.38593
1029,41.87158309,-87.64948046,73.95364,100.7185,89.33347,96.69062
1030,41.87158309,-87.64948046,81.60989,91.06224,90.91941,90.15937
1031,41.87158309,-87.64948046,78.26614,87.4763,101.4663,96.64375
1032,41.87158309,-87.64948046,79.75832,87.96068,96.27097,92.44062
1033,41.87158309,-87.64948046,75.70364,107.906,95.00535,99.9875
1034,41.87158309,-87.64948046,77.4302,95.53099,89.56785,96.8625
1035,41.87158309,-87.64948046,81.93801,98.08568,89.16941,103.4328
1036,41.87158309,-87.64948046,79.58645,94.42943,93.33347,97.69062
1037,41.87158309,-87.64948046,82.53176,104.4451,88.9116,97.65937
1038,41.87158309,-87.64948046,81.21926,94.35912,102.3257,103.9016
1039,41.87158309,-87.64948046,79.8052,93.12474,98.2241,90.8
1040,41.87158309,-87.64948046,79.82864,92.67943,92.0366,92.81562
1041,41.87158309,-87.64948046,78.8677,93.15599,99.91941,97.97968
1042,41.87158309,-87.64948046,80.64114,95.4763,97.27097,101.4797
1043,41.87158309,-87.64948046,76.98489,94.34349,99.96629,97.26093
1044,41.87158309,-87.64948046,76.31301,95.08568,93.19285,93.2375
1045,41.87158309,-87.64948046,81.52395,98.69505,89.77879,86.97187
1046,41.87158309,-87.64948046,78.19582,93.17162,100.3725,97.2375
1047,41.87158309,-87.64948046,79.19582,90.20287,93.01316,90.12031
1048,41.87158309,-87.64948046,79.95457,88.46162,108.4672,97.79312
1049,41.87158309,-87.64948046,79.14207,93.44599,92.93597,97.67593
1050,41.87158309,-87.64948046,78.76707,92.7663,96.56879,99.23062
1051,41.87158309,-87.64948046,77.67332,92.86005,97.35004,90.67593
1052,41.87158309,-87.64948046,77.83739,102.696,92.19379,103.4728
1053,41.87158309,-87.64948046,82.29051,93.16474,113.8891,95.74625
1054,41.87158309,-87.64948046,80.57957,99.50068,96.06879,96.30875
1055,41.87158309,-87.64948046,78.88426,91.83662,96.12347,95.23062
1056,41.87158309,-87.64948046,79.89207,91.30537,89.34222,90.31656
1057,41.87158309,-87.64948046,77.95457,87.49287,95.93597,94.93375
1058,41.87158309,-87.64948046,79.75051,94.61693,93.50535,94.38593
1059,41.87158309,-87.64948046,77.04739,91.2888,93.33347,91.65156
1060,41.87158309,-87.64948046,85.26614,104.8669,96.31785,97.44843
1061,41.87158309,-87.64948046,81.63332,97.57787,97.7866,89.37031
1062,41.87158309,-87.64948046,83.03176,91.96068,91.06004,97.37812
1063,41.87158309,-87.64948046,77.52395,95.24974,102.9741,95.72968
1064,41.87158309,-87.64948046,80.93801,92.4763,93.91941,95.50312
1065,41.87158309,-87.64948046,78.21145,93.73412,94.07566,94.26093
1066,41.87158309,-87.64948046,81.46145,93.61693,88.88816,90.14375
1067,41.87158309,-87.64948046,80.57082,91.58568,100.81,88.93281
1068,41.87158309,-87.64948046,82.88426,94.98505,85.27972,98.91812
1069,41.87158309,-87.64948046,78.79832,92.8913,101.7485,93.95718
1070,41.87158309,-87.64948046,81.75145,97.89912,93.47504,96.92593
1071,41.87158309,-87.64948046,79.25145,98.13349,89.29535,98.89468
1072,41.87158309,-87.64948046,77.86082,101.5319,93.59222,99.60562
1073,41.87158309,-87.64948046,77.72801,94.75068,94.37347,93.20718
1074,41.87158309,-87.64948046,78.44676,91.56318,95.53754,93.26187
1075,41.87158309,-87.64948046,80.18895,96.16474,95.63129,89.13687
1076,41.87158309,-87.64948046,82.5952,97.3288,94.75629,96.70718
1077,41.87158309,-87.64948046,78.3452,91.47724,107.975,103.7462
1078,41.87158309,-87.64948046,79.64114,100.8122,90.35691,111.3469
1079,41.87158309,-87.64948046,77.52395,93.98412,90.98972,94.47968
1080,41.87158309,-87.64948046,80.44582,91.1013,95.42722,93.05
1081,41.87158309,-87.64948046,79.70364,90.32787,103.3491,92.44062
1082,41.87158309,-87.64948046,79.57082,96.99974,95.95847,107.0266
1083,41.87158309,-87.64948046,78.8052,91.89037,97.80222,94.425
1084,41.87158309,-87.64948046,83.59426,93.40599,101.4116,93.68281
1085,41.87158309,-87.64948046,81.50051,91.1013,93.73191,100.2844
1086,41.87158309,-87.64948046,80.35207,96.57787,97.50535,100.925
1087,41.87158309,-87.64948046,81.3677,98.46068,94.73972,92.75312
1088,41.87158309,-87.64948046,81.00832,92.2888,91.51316,89.89375
1089,41.87158309,-87.64948046,77.4302,91.71068,106.5288,92.93281
1090,41.87158309,-87.64948046,77.8677,90.86693,92.77097,87.87812
1091,41.87158309,-87.64948046,79.10989,90.17162,96.89597,105.5734
1092,41.87158309,-87.64948046,80.77395,96.29662,87.5366,103.8703
1093,41.87158309,-87.64948046,78.68801,95.96849,96.61472,89.02656
1094,41.87158309,-87.64948046,77.6177,97.13255,94.10691,92.83906
1095,41.87158309,-87.64948046,77.63332,96.14818,91.14597,91.44062
1096,41.87158309,-87.64948046,82.10207,92.17162,91.2241,94.90937
1097,41.87158309,-87.64948046,83.4302,91.31224,86.95066,96.38593
1098,41.87158309,-87.64948046,79.12551,95.06224,94.4116,96.14375
1099,41.87158309,-87.64948046,76.8677,108.9372,97.45066,102.1984
1100,41.87158309,-87.64948046,79.17239,96.12474,108.7163,89.81562
1101,41.87158309,-87.64948046,81.51614,93.73412,91.05222,93.28437
1102,41.87158309,-87.64948046,79.89895,104.7966,108.7163,93.38593
1103,41.87158309,-87.64948046,80.06301,94.80443,105.9272,100.5031
1104,41.87158309,-87.64948046,81.01614,89.52318,94.5991,89.20625
1105,41.87158309,-87.64948046,78.53957,92.8513,97.85691,95.15156
1106,41.87158309,-87.64948046,79.93801,90.84349,89.52097,101.2453
1107,41.87158309,-87.64948046,79.35989,92.21849,97.54441,92.41718
1108,41.87158309,-87.64948046,79.42239,93.64037,93.61472,105.8156
1109,41.87158309,-87.64948046,77.65676,94.52318,96.50535,108.2219
1110,41.87158309,-87.64948046,78.59426,97.6013,98.61472,99.56562
1111,41.87158309,-87.64948046,78.35207,106.3044,96.15379,97.47968
1112,41.87158309,-87.64948046,77.28176,97.89818,95.62254,92.69843
1113,41.87158309,-87.64948046,77.0552,91.43724,90.26316,95.70625
1114,41.87158309,-87.64948046,78.32864,99.71068,91.35691,97.80781
1115,41.87158309,-87.64948046,78.94582,89.68724,99.30222,94.55781
1116,41.87158309,-87.64948046,76.89895,96.36693,92.65379,95.70625
1117,41.87158309,-87.64948046,78.93801,92.26537,99.13035,92.84687
1118,41.87158309,-87.64948046,79.42239,89.33568,103.8882,106.7844
1119,41.87158309,-87.64948046,76.23489,93.45287,93.67722,95.10468
1120,41.87158309,-87.64948046,78.4927,93.68724,91.98191,98.08125
1121,41.87158309,-87.64948046,78.19582,97.9763,93.81785,89.93281
1122,41.87158309,-87.64948046,78.10207,96.15599,97.68504,93.68281
1123,41.87158309,-87.64948046,82.57082,90.17162,106.396,102.9406
1124,41.87158309,-87.64948046,75.85989,97.13255,97.4741,91.22968
1125,41.87158309,-87.64948046,76.65676,92.92162,101.4663,91.65156
1126,41.87158309,-87.64948046,80.28957,99.95287,95.43504,95.65937
1127,41.87158309,-87.64948046,78.4302,92.96849,92.84129,101.4328
1128,41.87158309,-87.64948046,77.96926,98.99974,98.26316,93.77656
1129,41.87158309,-87.64948046,78.45364,94.59349,91.70066,99.06562
1130,41.87158309,-87.64948046,76.95364,91.26537,97.70847,96.62031
1131,41.87158309,-87.64948046,79.21926,98.78099,96.81004,92.33125
1132,41.87158309,-87.64948046,77.82864,95.24974,91.9116,97.6125
1133,41.87158309,-87.64948046,78.71145,97.53099,93.49754,99.63593
1134,41.87158309,-87.64948046,78.4302,99.39818,92.49754,96.19062
1135,41.87158309,-87.64948046,77.59426,88.1638,106.9741,100.7531
1136,41.87158309,-87.64948046,79.47707,114.5701,100.4663,96.38593
1137,41.87158309,-87.64948046,77.96926,86.30443,88.98191,89.4875
1138,41.87158309,-87.64948046,76.89114,89.3513,94.91941,99.51875
1139,41.87158309,-87.64948046,74.97707,93.99193,91.06004,89.01875
1140,41.87158309,-87.64948046,78.25832,96.07787,94.2866,92.02656
1141,41.87158309,-87.64948046,78.47707,90.61693,114.5913,88.74531
1142,41.87158309,-87.64948046,76.2427,96.45287,88.35691,94.33906
1143,41.87158309,-87.64948046,78.35207,94.42943,102.0913,98.71406
1144,41.87158309,-87.64948046,79.47707,100.2576,96.68504,90.06562
1145,41.87158309,-87.64948046,77.98489,95.24193,103.3257,92.425
1146,41.87158309,-87.64948046,78.71145,104.1091,96.19285,93.62812
1147,41.87158309,-87.64948046,77.65676,91.77318,95.31004,114.3547
1148,41.87158309,-87.64948046,75.66457,89.05443,96.82566,93.49531
1149,41.87158309,-87.64948046,76.35989,100.4919,97.38816,104.0578
1150,41.87158309,-87.64948046,77.82082,98.6638,94.84129,98.26093
1151,41.87158309,-87.64948046,78.8052,99.42943,101.2788,96.12031
1152,41.87158309,-87.64948046,81.21926,102.0466,98.52097,117.2687
1153,41.87158309,-87.64948046,80.63332,102.3747,97.38035,92.58125
1154,41.87158309,-87.64948046,77.6802,88.42162,93.73191,96.56562
1155,41.87158309,-87.64948046,77.60989,92.38255,95.24754,93.26875
1156,41.87158309,-87.64948046,79.56301,94.21849,100.0835,103.6906
1157,41.87158309,-87.64948046,80.14895,89.45287,90.2866,96.30781
1158,41.87158309,-87.64948046,76.6802,97.01537,91.84129,92.79218
1159,41.87158309,-87.64948046,79.68801,97.40599,96.4116,90.01875
1160,41.87158309,-87.64948046,77.51614,100.7576,95.87254,88.76875
1161,41.87158309,-87.64948046,76.75051,100.9451,98.10691,105.0656
1162,41.87158309,-87.64948046,77.84426,92.71068,93.87254,94.675
1163,41.87158309,-87.64948046,77.78176,92.57787,91.0991,95.425
1164,41.87158309,-87.64948046,81.01614,90.82787,91.9116,90.6125
1165,41.87158309,-87.64948046,78.0552,91.06224,89.01316,95.89375
1166,41.87158309,-87.64948046,76.35207,120.1794,90.2866,94.40937
1167,41.87158309,-87.64948046,75.60989,89.63255,92.0991,94.74531
1168,41.87158309,-87.64948046,77.38332,86.28099,88.20847,96.07343
1169,41.87158309,-87.64948046,76.1177,93.98412,105.4116,94.28437
1170,41.87158309,-87.64948046,76.18801,94.75755,88.81785,99.15156
1171,41.87158309,-87.64948046,77.31301,102.8591,97.8491,88.09687
1172,41.87158309,-87.64948046,77.46926,104.4919,94.76316,99.43281
1173,41.87158309,-87.64948046,74.8677,93.73412,93.98972,92.44062
1174,41.87158309,-87.64948046,80.51614,112.8669,95.64597,98.83125
1175,41.87158309,-87.64948046,77.82864,100.0388,103.06,106.0422
1176,41.87158309,-87.64948046,78.25832,97.67162,91.56785,98.76093
1177,41.87158309,-87.64948046,77.75051,97.43724,98.52097,86.55781
1178,41.87158309,-87.64948046,77.09426,98.25755,94.10691,98.96406
1179,41.87158309,-87.64948046,78.2427,90.86693,90.98972,90.41718
1180,41.87158309,-87.64948046,78.63332,102.156,89.06004,90.88593
1181,41.87158309,-87.64948046,76.87551,103.7654,96.21629,94.47968
1182,41.87158309,-87.64948046,76.89895,102.3669,95.98972,96.01093
1183,41.87158309,-87.64948046,77.92239,92.63255,96.0991,100.5422
1184,41.87158309,-87.64948046,76.98489,88.56224,91.75535,97.80781
1185,41.87158309,-87.64948046,78.18801,95.92162,103.5366,95.97968
1186,41.87158309,-87.64948046,78.68801,106.7888,100.3647,110.3937
1187,41.87158309,-87.64948046,77.00051,100.7185,96.52097,104.0891
1188,41.87158309,-87.64948046,76.75051,100.6169,103.3882,102.1984
1189,41.87158309,-87.64948046,78.16457,95.80443,100.8335,96.9875
1190,41.87158309,-87.64948046,79.59426,93.82005,91.01316,101.0812
1191,41.87158309,-87.64948046,76.45364,95.78099,105.6069,95.89375
1192,41.87158309,-87.64948046,78.40676,94.33568,99.02097,99.04218
1193,41.87158309,-87.64948046,77.93801,107.2185,87.39597,89.41718
1194,41.87158309,-87.64948046,77.00832,97.75755,90.61472,100.8781
1195,41.87158309,-87.64948046,77.40676,92.14818,104.4116,91.97968
1196,41.87158309,-87.64948046,80.08645,98.32005,100.7163,98.15156
1197,41.87158309,-87.64948046,77.6177,96.31224,90.7241,91.94062
1198,41.87158309,-87.64948046,76.45364,110.2419,103.8178,91.9875
1199,41.87158309,-87.64948046,79.71145,99.82787,97.90379,105.0578
1200,41.87158309,-87.64948046,78.72707,93.24193,96.13035,93.8
1201,41.87158309,-87.64948046,77.54739,96.14818,106.5757,96.24531
1202,41.87158309,-87.64948046,79.23489,93.01537,98.34129,108.1672
1203,41.87158309,-87.64948046,76.95364,95.87474,85.42722,94.82343
1204,41.87158309,-87.64948046,75.90676,94.98412,101.2553,91.4875
1205,41.87158309,-87.64948046,76.95364,87.65599,99.68504,97.05
1206,41.87158309,-87.64948046,77.57082,95.69505,90.2866,93.05
1207,41.87158309,-87.64948046,78.18801,96.64818,94.02879,86.3
1208,41.87158309,-87.64948046,78.60989,95.06224,93.40379,104.3469
1209,41.87158309,-87.64948046,80.71145,91.4138,103.3882,96.05781
1210,41.87158309,-87.64948046,77.25832,89.40599,97.81004,95.44843
1211,41.87158309,-87.64948046,78.28957,99.48412,89.41941,93.53437
1212,41.87158309,-87.64948046,77.96145,110.6326,102.1303,99.66718
1213,41.87158309,-87.64948046,79.53957,94.12474,109.9975,94.45625
1214,41.87158309,-87.64948046,78.56301,89.75755,97.12254,95.97968
1215,41.87158309,-87.64948046,82.43801,92.54662,90.21629,86.44062
1216,41.87158309,-87.64948046,77.8052,98.07005,89.14597,119.8469
1217,41.87158309,-87.64948046,80.47707,91.96849,100.2007,104.0812
1218,41.87158309,-87.64948046,79.60989,87.7263,100.8335,107.675
1219,41.87158309,-87.64948046,77.6177,94.46068,91.98191,95.40937
1220,41.87158309,-87.64948046,76.57082,96.57005,92.40379,104.8469
1221,41.87158309,-87.64948046,77.75051,101.7341,94.52097,100.1594
1222,41.87158309,-87.64948046,77.51614,91.54662,101.5835,101.3156
1223,41.87158309,-87.64948046,75.52395,99.78099,100.6147,93.12812
1224,41.87158309,-87.64948046,79.07864,95.1013,100.0913,96.19062
1225,41.87158309,-87.64948046,76.75832,98.24974,89.1616,93.02656
1226,41.87158309,-87.64948046,77.1177,93.24193,90.10691,92.24531
1227,41.87158309,-87.64948046,77.59426,103.1091,100.6225,92.425
1228,41.87158309,-87.64948046,77.17239,97.26537,93.9116,97.94062
1229,41.87158309,-87.64948046,76.6802,98.73412,94.10691,93.74531
1230,41.87158309,-87.64948046,77.40676,98.81224,99.75535,98.15156
1231,41.87158309,-87.64948046,78.16457,102.4919,96.02879,94.51875
1232,41.87158309,-87.64948046,77.0552,92.06224,89.20847,102.175
1233,41.87158309,-87.64948046,76.35207,99.21068,92.67722,94.19843
1234,41.87158309,-87.64948046,77.92239,90.59349,104.8413,95.54218
1235,41.87158309,-87.64948046,77.23489,98.4138,91.16941,97.05
1236,41.87158309,-87.64948046,77.60989,92.49974,91.21629,90.51093
1237,41.87158309,-87.64948046,76.97707,91.9138,97.61472,104.1125
1238,41.87158309,-87.64948046,81.03176,96.4763,99.42722,101.2453
1239,41.87158309,-87.64948046,80.1802,91.59349,89.68504,97.08125
1240,41.87158309,-87.64948046,81.20364,92.68724,96.77879,91.10468
1241,41.87158309,-87.64948046,78.85207,95.08568,93.94285,89.83906
1242,41.87158309,-87.64948046,79.9927,97.01537,100.021,105.7687
1243,41.87158309,-87.64948046,77.70364,89.37474,99.24754,94.12031
1244,41.87158309,-87.64948046,77.0552,90.37474,91.29441,95.28437
1245,41.87158309,-87.64948046,75.6802,95.55443,97.98972,97.91718
1246,41.87158309,-87.64948046,79.23489,97.31224,90.2866,100.5656
1247,41.87158309,-87.64948046,77.17239,94.29662,104.2319,94.22187
1248,41.87158309,-87.64948046,77.4927,114.9372,92.40379,99.68281
1249,41.87158309,-87.64948046,77.07864,91.57005,86.73191,85.37812
1250,41.87158309,-87.64948046,70.98489,92.24193,95.12254,102.4328
1251,41.87158309,-87.64948046,80.08645,90.24193,97.71629,86.675
1252,41.87158309,-87.64948046,85.5552,97.09349,90.25535,89.14375
1253,41.87158309,-87.64948046,83.98489,92.48412,91.6616,93.89375
1254,41.87158309,-87.64948046,80.53957,108.5232,87.3491,93.05
1255,41.87158309,-87.64948046,75.75051,92.39037,91.4741,91.58125
1256,41.87158309,-87.64948046,79.17239,95.07787,89.25535,90.9875
1257,41.87158309,-87.64948046,79.64114,94.52318,102.5288,100.2062
1258,41.87158309,-87.64948046,83.53176,94.40599,95.57566,99.94843
1259,41.87158309,-87.64948046,80.98489,92.34349,97.48191,93.65156
1260,41.87158309,-87.64948046,78.6177,94.82787,97.2866,98.31562
1261,41.87158309,-87.64948046,79.25832,94.87474,91.56785,91.22968
1262,41.87158309,-87.64948046,78.4927,93.57787,115.0991,100.1359